,Sample Number,Area Proportion of Inclusions Occurring in Discontinuous Array,Quenching Media Temperature (for Carburization),Diffusion time,Fatigue Strength,Through Hardening Time,Cooling Rate for Tempering,Reduction Ratio (Ingot to Bar),Normalizing Temperature,Diffusion Temperature,Carburization Time,Cooling Rate for Through Hardening,Area Proportion of Inclusions Deformed by Plastic Work,Tempering Temperature,Area Proportion of Isolated Inclusions,Tempering Time,Carburization Temperature,Through Hardening Temperature,chemical_formula
0,228.0,0.0,30.0,0.0,451.0,30.0,24.0,530.0,870.0,30.0,0.0,8.0,0.02,550.0,0.01,60.0,30.0,845.0,Fe0.9759C0.004Mn0.0156Cu0.0005Si0.0022P0.00011S0.00019Ni0.0006Cr0.0009
1,193.0,0.0,30.0,0.0,631.0,30.0,24.0,510.0,870.0,30.0,0.0,8.0,0.04,550.0,0.03,60.0,30.0,855.0,Fe0.97088C0.004Mn0.0074Cu0.001Si0.0025P0.00014S0.00028Mo0.0018Ni0.0024Cr0.0096
2,233.0,0.0,30.0,0.0,406.0,30.0,24.0,610.0,870.0,30.0,0.0,8.0,0.03,600.0,0.01,60.0,30.0,845.0,Fe0.97588C0.0038Mn0.0152Cu0.0007Si0.0027P0.00012Ni0.0003Cr0.0013
3,22.0,0.0,30.0,0.0,433.0,30.0,24.0,1740.0,865.0,30.0,0.0,24.0,0.1,550.0,0.0,60.0,30.0,865.0,Fe0.98575C0.0037Mn0.0072Cu0.0002Si0.0024P0.00015S0.0002Ni0.0002Cr0.0002
4,240.0,0.0,30.0,0.0,385.0,30.0,24.0,610.0,870.0,30.0,0.0,8.0,0.03,650.0,0.01,60.0,30.0,845.0,Fe0.97588C0.0038Mn0.0152Cu0.0007Si0.0027P0.00012Ni0.0003Cr0.0013
5,29.0,0.01,30.0,0.0,394.0,30.0,24.0,610.0,865.0,30.0,0.0,24.0,0.06,600.0,0.01,60.0,30.0,865.0,Fe0.9834C0.0038Mn0.007Cu0.0011Si0.0029S0.0003Ni0.0006Cr0.0009
6,54.0,0.0,30.0,0.0,465.0,30.0,24.0,610.0,845.0,30.0,0.0,24.0,0.04,550.0,0.03,60.0,30.0,845.0,Fe0.98335C0.0047Mn0.0072Cu0.0004Si0.0025P0.00015Ni0.0013Cr0.0004
7,157.0,0.0,30.0,0.0,550.0,30.0,24.0,740.0,870.0,30.0,0.0,8.0,0.02,600.0,0.01,60.0,30.0,855.0,Fe0.97224C0.0036Mn0.0074Cu0.0012Si0.0035P0.00016S0.0002Mo0.0015Ni0.0005Cr0.0097
8,377.0,0.0,30.0,0.0,770.0,30.0,24.0,1455.0,845.0,30.0,0.0,8.0,0.07,500.0,0.01,60.0,30.0,845.0,Fe0.96007C0.0061Mn0.0086Cu0.0012Si0.0205P0.00019S0.00014Ni0.0016Cr0.0016
9,69.0,0.01,30.0,0.0,422.0,30.0,24.0,1270.0,845.0,30.0,0.0,24.0,0.04,600.0,0.0,60.0,30.0,845.0,Fe0.98496C0.0042Mn0.007Si0.0026P0.00024Cr0.001
10,116.0,0.0,30.0,0.0,583.0,30.0,24.0,1120.0,870.0,30.0,0.0,8.0,0.02,550.0,0.03,60.0,30.0,855.0,Fe0.97198C0.004Mn0.0078Cu0.0013Si0.0031P0.00012Ni0.0007Cr0.011
11,218.0,0.01,30.0,0.0,505.0,30.0,24.0,500.0,870.0,30.0,0.0,8.0,0.09,650.0,0.01,60.0,30.0,855.0,Fe0.97028C0.0042Mn0.0077Cu0.0009Si0.0029P0.00015S0.00017Mo0.0015Ni0.0012Cr0.011
12,214.0,0.0,30.0,0.0,517.0,30.0,24.0,510.0,870.0,30.0,0.0,8.0,0.04,650.0,0.01,60.0,30.0,855.0,Fe0.97181C0.0041Mn0.008Cu0.001Si0.0024P0.00015S0.00024Mo0.0018Ni0.0003Cr0.0102
13,11.0,0.0,30.0,0.0,255.0,0.0,0.0,1740.0,885.0,30.0,0.0,0.0,0.11,30.0,0.0,0.0,30.0,30.0,Fe0.98887C0.0023Mn0.0051Cu0.0003Si0.0026P0.00029S0.00024Cr0.0003
14,121.0,0.0,30.0,0.0,562.0,30.0,24.0,1120.0,870.0,30.0,0.0,8.0,0.02,550.0,0.01,60.0,30.0,855.0,Fe0.97286C0.004Mn0.0079Cu0.0004Si0.0032P0.00013S0.00011Ni0.0005Cr0.0109
15,286.0,0.0,30.0,0.0,537.0,30.0,24.0,700.0,900.0,30.0,0.0,8.0,0.01,550.0,0.01,60.0,30.0,845.0,Fe0.95438C0.0031Mn0.0056Cu0.001Si0.0022P0.00016S0.00016Ni0.0263Cr0.0071
16,366.0,0.0,30.0,0.0,471.0,30.0,24.0,740.0,870.0,30.0,0.0,8.0,0.03,680.0,0.01,60.0,30.0,845.0,Fe0.95909C0.0047Mn0.0072Cu0.0006Si0.0028P0.00011Ni0.0176Cr0.0079
17,140.0,0.0,30.0,0.0,578.0,30.0,24.0,1120.0,870.0,30.0,0.0,8.0,0.0,550.0,0.01,60.0,30.0,855.0,Fe0.97298C0.0036Mn0.0079Cu0.0004Si0.0027P0.00012Mo0.0017Ni0.0003Cr0.0103
18,65.0,0.0,30.0,0.0,442.0,30.0,24.0,610.0,845.0,30.0,0.0,24.0,0.04,600.0,0.03,60.0,30.0,845.0,Fe0.98335C0.0047Mn0.0072Cu0.0004Si0.0025P0.00015Ni0.0013Cr0.0004
19,293.0,0.01,30.0,0.0,510.0,30.0,24.0,700.0,900.0,30.0,0.0,8.0,0.01,600.0,0.03,60.0,30.0,845.0,Fe0.9544C0.0032Mn0.0058Cu0.0006Si0.0024Ni0.0265Cr0.0071
20,405.0,0.0,60.0,34.8,956.0,0.0,0.5,390.0,930.0,895.5169999999998,450.0,0.0,0.046,160.0,0.0,120.0,930.0,30.0,Fe0.97338C0.002Mn0.0077Cu0.002Si0.0032P0.00024S0.00028Mo0.0019Ni0.0046Cr0.0047
21,250.0,0.0,30.0,0.0,551.0,30.0,24.0,1510.0,870.0,30.0,0.0,8.0,0.0,550.0,0.03,60.0,30.0,845.0,Fe0.97675C0.0042Mn0.0151Si0.0021P0.00026S0.00019Ni0.0002Cr0.0012
22,30.0,0.02,30.0,0.0,425.0,30.0,24.0,1270.0,865.0,30.0,0.0,24.0,0.08,600.0,0.0,60.0,30.0,865.0,Fe0.98484C0.0033Mn0.0076Cu0.0003Si0.0026P0.00023S0.00013Cr0.001
23,299.0,0.0,30.0,0.0,536.0,30.0,24.0,700.0,900.0,30.0,0.0,8.0,0.01,600.0,0.01,60.0,30.0,845.0,Fe0.9523C0.0034Mn0.0065Cu0.0005Si0.0026Ni0.0263Cr0.0084
24,55.0,0.0,30.0,0.0,475.0,30.0,24.0,1740.0,845.0,30.0,0.0,24.0,0.06,550.0,0.0,60.0,30.0,845.0,Fe0.98367C0.0043Mn0.0083Si0.0022P0.00017S0.00016Cr0.0012
25,154.0,0.0,30.0,0.0,524.0,30.0,24.0,1120.0,870.0,30.0,0.0,8.0,0.0,600.0,0.01,60.0,30.0,855.0,Fe0.97298C0.0036Mn0.0079Cu0.0004Si0.0027P0.00012Mo0.0017Ni0.0003Cr0.0103
26,345.0,0.0,30.0,0.0,480.0,30.0,24.0,1290.0,870.0,30.0,0.0,8.0,0.06,680.0,0.0,60.0,30.0,845.0,Fe0.95787C0.004Mn0.0073Cu0.0008Si0.0033P0.00011S0.00012Mo0.002Ni0.0171Cr0.0074
27,429.0,0.0,60.0,70.2,1144.0,0.0,0.5,690.0,930.0,895.812,340.2,0.0,0.08,160.0,0.0,120.0,930.0,30.0,Fe0.97169C0.0021Mn0.0081Cu0.0007Si0.0031P0.00012S0.00019Mo0.0017Ni0.0006Cr0.0117
28,363.0,0.0,30.0,0.0,537.0,30.0,24.0,640.0,870.0,30.0,0.0,8.0,0.01,630.0,0.0,60.0,30.0,845.0,Fe0.96154C0.0045Mn0.0079Cu0.0005Si0.0016S0.00016Ni0.0165Cr0.0073
29,160.0,0.0,30.0,0.0,546.0,30.0,24.0,1740.0,870.0,30.0,0.0,8.0,0.05,600.0,0.0,60.0,30.0,855.0,Fe0.97387C0.0035Mn0.0071Cu0.0002Si0.0025P0.0002S0.00013Mo0.0017Ni0.0002Cr0.0106
30,16.0,0.0,30.0,0.0,426.0,30.0,24.0,825.0,865.0,30.0,0.0,24.0,0.08,550.0,0.0,60.0,30.0,865.0,Fe0.9861C0.0033Mn0.0075Cu0.0002Si0.0021P0.00031S0.00019Cr0.0003
31,101.0,0.0,30.0,0.0,464.0,30.0,24.0,1740.0,825.0,30.0,0.0,24.0,0.09,600.0,0.0,60.0,30.0,825.0,Fe0.98288C0.0052Mn0.008Cu0.0002Si0.0021P0.00021S0.00021Ni0.0002Cr0.001
32,190.0,0.0,30.0,0.0,585.0,30.0,24.0,500.0,870.0,30.0,0.0,8.0,0.1,550.0,0.0,60.0,30.0,855.0,Fe0.97099C0.004Mn0.0074Cu0.0015Si0.0026P0.00024S0.00017Mo0.0017Ni0.0013Cr0.0101
33,203.0,0.01,30.0,0.0,583.0,30.0,24.0,500.0,870.0,30.0,0.0,8.0,0.09,600.0,0.01,60.0,30.0,855.0,Fe0.97028C0.0042Mn0.0077Cu0.0009Si0.0029P0.00015S0.00017Mo0.0015Ni0.0012Cr0.011
34,209.0,0.0,30.0,0.0,578.0,30.0,24.0,1740.0,870.0,30.0,0.0,8.0,0.04,600.0,0.0,60.0,30.0,855.0,Fe0.97221C0.0044Mn0.0075Cu0.0002Si0.0026P0.00017S0.00012Mo0.0021Ni0.0002Cr0.0105
35,206.0,0.01,30.0,0.0,543.0,30.0,24.0,700.0,870.0,30.0,0.0,8.0,0.07,600.0,0.0,60.0,30.0,855.0,Fe0.97034C0.004Mn0.0087Cu0.0011Si0.0025P0.00011S0.00015Mo0.0018Ni0.0007Cr0.0106
36,321.0,0.0,30.0,0.0,609.0,30.0,24.0,640.0,870.0,30.0,0.0,8.0,0.03,580.0,0.0,60.0,30.0,845.0,Fe0.95722C0.0039Mn0.0071Cu0.0009Si0.0025P0.00015S0.00013Mo0.0023Ni0.0176Cr0.0082
37,361.0,0.0,30.0,0.0,556.0,30.0,24.0,640.0,870.0,30.0,0.0,8.0,0.02,630.0,0.0,60.0,30.0,845.0,Fe0.96114C0.0047Mn0.0076Cu0.0006Si0.0019P0.00013S0.00013Ni0.0167Cr0.0071
38,181.0,0.0,30.0,0.0,581.0,30.0,24.0,500.0,870.0,30.0,0.0,8.0,0.08,550.0,0.01,60.0,30.0,855.0,Fe0.97111C0.0039Mn0.0086Cu0.0012Si0.0027P0.00019Mo0.0017Ni0.001Cr0.0096
39,4.0,0.0,30.0,0.0,241.0,0.0,0.0,1740.0,885.0,30.0,0.0,0.0,0.06,30.0,0.0,0.0,30.0,30.0,Fe0.98938C0.0026Mn0.0051Si0.0023P0.00018S0.00024Cr0.0002
40,433.0,0.01,140.0,70.2,1030.0,0.0,0.5,240.0,930.0,895.812,340.2,0.0,0.05,160.0,0.0,120.0,930.0,30.0,Fe0.97761C0.0021Mn0.0065Si0.0026P0.00015S0.00024Mo0.0015Ni0.0002Cr0.0091
41,161.0,0.0,30.0,0.0,535.0,30.0,24.0,640.0,870.0,30.0,0.0,8.0,0.03,600.0,0.0,60.0,30.0,855.0,Fe0.97435C0.0033Mn0.0069Cu0.0005Si0.0027P0.00015Mo0.0018Ni0.0004Cr0.0099
42,146.0,0.0,30.0,0.0,583.0,30.0,24.0,1740.0,870.0,30.0,0.0,8.0,0.05,550.0,0.0,60.0,30.0,855.0,Fe0.97387C0.0035Mn0.0071Cu0.0002Si0.0025P0.0002S0.00013Mo0.0017Ni0.0002Cr0.0106
43,120.0,0.0,30.0,0.0,565.0,30.0,24.0,820.0,870.0,30.0,0.0,8.0,0.03,550.0,0.02,60.0,30.0,855.0,Fe0.9751C0.0042Mn0.0078Cu0.0005Si0.0026Ni0.0004Cr0.0094
44,427.0,0.01,60.0,49.8,1006.0,0.0,0.5,240.0,930.0,881.807,90.0,0.0,0.05,160.0,0.0,120.0,930.0,30.0,Fe0.97761C0.0021Mn0.0065Si0.0026P0.00015S0.00024Mo0.0015Ni0.0002Cr0.0091
45,396.0,0.0,140.0,15.0,1054.0,0.0,0.5,440.0,930.0,850.0,540.0,0.0,0.008,160.0,0.0,120.0,930.0,30.0,Fe0.96359C0.0021Mn0.0062Cu0.0007Si0.0029P0.00015S0.00016Mo0.0021Ni0.0162Cr0.0059
46,163.0,0.0,30.0,0.0,542.0,30.0,24.0,500.0,870.0,30.0,0.0,8.0,0.05,600.0,0.02,60.0,30.0,855.0,Fe0.97153C0.0037Mn0.0076Cu0.0012Si0.0029P0.00017Mo0.0016Ni0.0012Cr0.0101
47,7.0,0.01,30.0,0.0,255.0,0.0,0.0,1270.0,885.0,30.0,0.0,0.0,0.08,30.0,0.0,0.0,30.0,30.0,Fe0.98861C0.0028Mn0.005Si0.0027P0.00021S0.00018Ni0.0002Cr0.0003
48,413.0,0.0,60.0,34.8,1053.0,0.0,0.5,690.0,930.0,895.5169999999998,450.0,0.0,0.06,200.0,0.0,120.0,930.0,30.0,Fe0.97316C0.0018Mn0.0076Cu0.0012Si0.0026S0.00014Mo0.0017Ni0.0056Cr0.0062
49,152.0,0.0,30.0,0.0,552.0,30.0,24.0,820.0,870.0,30.0,0.0,8.0,0.08,600.0,0.01,60.0,30.0,855.0,Fe0.97167C0.0036Mn0.0073Cu0.0019Si0.003P0.00017S0.00016Mo0.0016Ni0.0005Cr0.0101
50,296.0,0.0,30.0,0.0,518.0,30.0,24.0,700.0,900.0,30.0,0.0,8.0,0.01,600.0,0.01,60.0,30.0,845.0,Fe0.95438C0.0031Mn0.0056Cu0.001Si0.0022P0.00016S0.00016Ni0.0263Cr0.0071
51,150.0,0.0,30.0,0.0,536.0,30.0,24.0,1120.0,870.0,30.0,0.0,8.0,0.03,550.0,0.02,60.0,30.0,855.0,Fe0.97103C0.0038Mn0.008Cu0.0012Si0.0027P0.00015S0.00012Mo0.0016Ni0.0007Cr0.0107
52,106.0,0.0,30.0,0.0,398.0,30.0,24.0,660.0,825.0,30.0,0.0,24.0,0.06,650.0,0.0,60.0,30.0,825.0,Fe0.98485C0.0056Mn0.0037Cu0.0011Si0.0026P0.00019S0.00026Ni0.0004Cr0.0013
53,420.0,0.0,140.0,70.2,876.0,0.0,0.5,460.0,930.0,895.812,529.8,0.0,0.025,160.0,0.004,120.0,930.0,30.0,Fe0.97369C0.0021Mn0.0076Cu0.0014Si0.003P0.00021Mo0.0003Ni0.0008Cr0.0109
54,238.0,0.0,30.0,0.0,443.0,30.0,24.0,1740.0,870.0,30.0,0.0,8.0,0.06,600.0,0.01,60.0,30.0,845.0,Fe0.97871C0.004Mn0.0138Cu0.0002Si0.0025P0.00017S0.00012Ni0.0002Cr0.0003
55,311.0,0.0,30.0,0.0,497.0,30.0,24.0,1740.0,900.0,30.0,0.0,8.0,0.03,650.0,0.0,60.0,30.0,845.0,Fe0.95347C0.0032Mn0.0052Cu0.0006Si0.003P0.00013Ni0.0267Cr0.0077
56,17.0,0.01,30.0,0.0,426.0,30.0,24.0,610.0,865.0,30.0,0.0,24.0,0.06,550.0,0.01,60.0,30.0,865.0,Fe0.9834C0.0038Mn0.007Cu0.0011Si0.0029S0.0003Ni0.0006Cr0.0009
57,369.0,0.0,30.0,0.0,477.0,30.0,24.0,640.0,870.0,30.0,0.0,8.0,0.01,680.0,0.0,60.0,30.0,845.0,Fe0.96154C0.0045Mn0.0079Cu0.0005Si0.0016S0.00016Ni0.0165Cr0.0073
58,196.0,0.0,30.0,0.0,539.0,30.0,24.0,500.0,870.0,30.0,0.0,8.0,0.08,600.0,0.01,60.0,30.0,855.0,Fe0.97111C0.0039Mn0.0086Cu0.0012Si0.0027P0.00019Mo0.0017Ni0.001Cr0.0096
59,39.0,0.0,30.0,0.0,338.0,30.0,24.0,610.0,865.0,30.0,0.0,24.0,0.07,650.0,0.03,60.0,30.0,865.0,Fe0.98367C0.0036Mn0.007Cu0.0009Si0.0026S0.00023Ni0.0008Cr0.0012
60,185.0,0.0,30.0,0.0,566.0,30.0,24.0,700.0,870.0,30.0,0.0,8.0,0.03,550.0,0.0,60.0,30.0,855.0,Fe0.97288C0.0041Mn0.0074Cu0.0008Si0.0025P0.00013S0.00019Mo0.0016Ni0.0005Cr0.0099
61,24.0,0.03,30.0,0.0,382.0,30.0,24.0,825.0,865.0,30.0,0.0,24.0,0.05,600.0,0.0,60.0,30.0,865.0,Fe0.98607C0.0035Mn0.0077Cu0.0002Si0.0021P0.00021S0.00022
62,426.0,0.0,60.0,49.8,1074.0,0.0,0.5,690.0,930.0,881.807,90.0,0.0,0.08,160.0,0.0,120.0,930.0,30.0,Fe0.97169C0.0021Mn0.0081Cu0.0007Si0.0031P0.00012S0.00019Mo0.0017Ni0.0006Cr0.0117
63,32.0,0.01,30.0,0.0,393.0,30.0,24.0,1270.0,865.0,30.0,0.0,24.0,0.13,600.0,0.0,60.0,30.0,865.0,Fe0.98414C0.0037Mn0.0078Cu0.0002Si0.0027P0.00016S0.0002Cr0.0011
64,289.0,0.0,30.0,0.0,549.0,30.0,24.0,700.0,900.0,30.0,0.0,8.0,0.01,550.0,0.01,60.0,30.0,845.0,Fe0.9523C0.0034Mn0.0065Cu0.0005Si0.0026Ni0.0263Cr0.0084
65,220.0,0.0,30.0,0.0,496.0,30.0,24.0,500.0,870.0,30.0,0.0,8.0,0.1,650.0,0.0,60.0,30.0,855.0,Fe0.97099C0.004Mn0.0074Cu0.0015Si0.0026P0.00024S0.00017Mo0.0017Ni0.0013Cr0.0101
66,200.0,0.0,30.0,0.0,527.0,30.0,24.0,700.0,870.0,30.0,0.0,8.0,0.03,600.0,0.0,60.0,30.0,855.0,Fe0.97288C0.0041Mn0.0074Cu0.0008Si0.0025P0.00013S0.00019Mo0.0016Ni0.0005Cr0.0099
67,109.0,0.0,30.0,0.0,415.0,30.0,24.0,1270.0,825.0,30.0,0.0,24.0,0.09,650.0,0.0,60.0,30.0,825.0,Fe0.98155C0.0053Mn0.0083Si0.003P0.00019S0.00026Ni0.0002Cr0.0012
68,380.0,0.0,30.0,0.0,768.0,30.0,24.0,796.0,845.0,30.0,0.0,8.0,0.058,420.0,0.004,60.0,30.0,845.0,Fe0.97234C0.0062Mn0.0088Cu0.0012Si0.0029P0.00026Mo0.0003Ni0.0005Cr0.0075
69,117.0,0.0,30.0,0.0,569.0,30.0,24.0,1740.0,870.0,30.0,0.0,8.0,0.03,550.0,0.01,60.0,30.0,855.0,Fe0.9752C0.0042Mn0.0072Si0.0022P0.00016S0.00014Ni0.0003Cr0.0106
70,72.0,0.0,30.0,0.0,398.0,30.0,24.0,610.0,845.0,30.0,0.0,24.0,0.06,650.0,0.01,60.0,30.0,845.0,Fe0.9829C0.0045Mn0.0071Cu0.0013Si0.0024Ni0.0012Cr0.0006
71,103.0,0.0,30.0,0.0,419.0,30.0,24.0,1740.0,825.0,30.0,0.0,24.0,0.07,650.0,0.0,60.0,30.0,825.0,Fe0.9834C0.0055Mn0.0076Si0.0023P0.00018S0.00012Cr0.0009
72,379.0,0.0,30.0,0.0,855.0,30.0,24.0,289.0,845.0,30.0,0.0,8.0,0.05,420.0,0.0,60.0,30.0,845.0,Fe0.9753C0.0063Mn0.0077Cu0.0002Si0.0017P0.00026S0.00014Ni0.0003Cr0.0081
73,225.0,0.0,30.0,0.0,486.0,30.0,24.0,480.0,870.0,30.0,0.0,8.0,0.01,550.0,0.01,60.0,30.0,845.0,Fe0.97545C0.0039Mn0.0157Cu0.0006Si0.0022P0.00017S0.00018Ni0.0005Cr0.0013
74,372.0,0.0,30.0,0.0,781.0,30.0,24.0,721.0,845.0,30.0,0.0,8.0,0.017,430.0,0.021,60.0,30.0,845.0,Fe0.96251C0.006Mn0.0085Cu0.0012Si0.0196P0.00019Ni0.0005Cr0.0015
75,424.0,0.0,60.0,70.2,1120.0,0.0,0.5,690.0,930.0,895.812,499.8,0.0,0.07,200.0,0.01,120.0,930.0,30.0,Fe0.97469C0.0023Mn0.008Cu0.0007Si0.002P0.00013S0.00018Mo0.0002Ni0.0004Cr0.0114
76,164.0,0.0,30.0,0.0,592.0,30.0,24.0,1120.0,870.0,30.0,0.0,8.0,0.03,600.0,0.02,60.0,30.0,855.0,Fe0.97103C0.0038Mn0.008Cu0.0012Si0.0027P0.00015S0.00012Mo0.0016Ni0.0007Cr0.0107
77,149.0,0.0,30.0,0.0,573.0,30.0,24.0,500.0,870.0,30.0,0.0,8.0,0.05,550.0,0.02,60.0,30.0,855.0,Fe0.97153C0.0037Mn0.0076Cu0.0012Si0.0029P0.00017Mo0.0016Ni0.0012Cr0.0101
78,331.0,0.0,30.0,0.0,542.0,30.0,24.0,1290.0,870.0,30.0,0.0,8.0,0.06,630.0,0.0,60.0,30.0,845.0,Fe0.95787C0.004Mn0.0073Cu0.0008Si0.0033P0.00011S0.00012Mo0.002Ni0.0171Cr0.0074
79,243.0,0.01,30.0,0.0,380.0,30.0,24.0,610.0,870.0,30.0,0.0,8.0,0.02,650.0,0.02,60.0,30.0,845.0,Fe0.9748C0.0041Mn0.0151Cu0.0008Si0.0024P0.0002Ni0.0004Cr0.0022
80,281.0,0.0,30.0,0.0,399.0,30.0,24.0,480.0,870.0,30.0,0.0,8.0,0.02,650.0,0.0,60.0,30.0,845.0,Fe0.97538C0.0041Mn0.0158Cu0.0005Si0.0022P0.00014S0.00018Ni0.0004Cr0.0013
81,307.0,0.0,30.0,0.0,476.0,30.0,24.0,820.0,900.0,30.0,0.0,8.0,0.01,650.0,0.01,60.0,30.0,845.0,Fe0.9534C0.0033Mn0.0049Cu0.0006Si0.003Ni0.0266Cr0.0082
82,279.0,0.0,30.0,0.0,460.0,30.0,24.0,1100.0,870.0,30.0,0.0,8.0,0.03,650.0,0.0,60.0,30.0,845.0,Fe0.97276C0.0046Mn0.0149Cu0.001Si0.003P0.00014Ni0.001Cr0.0026
83,251.0,0.0,30.0,0.0,477.0,30.0,24.0,740.0,870.0,30.0,0.0,8.0,0.02,550.0,0.01,60.0,30.0,845.0,Fe0.974C0.0045Mn0.0158Cu0.0008Si0.0033Ni0.0006Cr0.001
84,8.0,0.0,30.0,0.0,245.0,0.0,0.0,1740.0,885.0,30.0,0.0,0.0,0.07,30.0,0.0,0.0,30.0,30.0,Fe0.98859C0.0027Mn0.0054Cu0.0002Si0.0025P0.0002S0.00021Cr0.0002
85,192.0,0.0,30.0,0.0,625.0,30.0,24.0,820.0,870.0,30.0,0.0,8.0,0.02,550.0,0.02,60.0,30.0,855.0,Fe0.9741C0.004Mn0.007Cu0.0012Si0.0022Mo0.0017Ni0.0004Cr0.0094
86,355.0,0.0,30.0,0.0,615.0,30.0,24.0,640.0,870.0,30.0,0.0,8.0,0.02,580.0,0.0,60.0,30.0,845.0,Fe0.96114C0.0047Mn0.0076Cu0.0006Si0.0019P0.00013S0.00013Ni0.0167Cr0.0071
87,365.0,0.0,30.0,0.0,543.0,30.0,24.0,820.0,870.0,30.0,0.0,8.0,0.06,630.0,0.01,60.0,30.0,845.0,Fe0.95865C0.0049Mn0.0069Cu0.0007Si0.0029P0.00014S0.00011Ni0.018Cr0.0077
88,21.0,0.04,30.0,0.0,395.0,30.0,24.0,825.0,865.0,30.0,0.0,24.0,0.07,550.0,0.0,60.0,30.0,865.0,Fe0.98511C0.0035Mn0.0082Si0.0025P0.00016S0.00023Ni0.0003
89,339.0,0.0,30.0,0.0,550.0,30.0,24.0,590.0,870.0,30.0,0.0,8.0,0.07,630.0,0.0,60.0,30.0,845.0,Fe0.9604C0.0043Mn0.0068Cu0.0009Si0.0026P0.00012S0.00018Mo0.0017Ni0.0162Cr0.0068
90,292.0,0.0,30.0,0.0,510.0,30.0,24.0,610.0,900.0,30.0,0.0,8.0,0.0,600.0,0.01,60.0,30.0,845.0,Fe0.9532C0.0032Mn0.0049Cu0.0009Si0.003Ni0.0266Cr0.0082
91,359.0,0.0,30.0,0.0,585.0,30.0,24.0,820.0,870.0,30.0,0.0,8.0,0.06,580.0,0.01,60.0,30.0,845.0,Fe0.95865C0.0049Mn0.0069Cu0.0007Si0.0029P0.00014S0.00011Ni0.018Cr0.0077
92,414.0,0.0,60.0,34.8,854.0,0.0,0.5,460.0,930.0,895.5169999999998,100.2,0.0,0.025,160.0,0.004,120.0,930.0,30.0,Fe0.97369C0.0021Mn0.0076Cu0.0014Si0.003P0.00021Mo0.0003Ni0.0008Cr0.0109
93,147.0,0.0,30.0,0.0,585.0,30.0,24.0,640.0,870.0,30.0,0.0,8.0,0.03,550.0,0.0,60.0,30.0,855.0,Fe0.97435C0.0033Mn0.0069Cu0.0005Si0.0027P0.00015Mo0.0018Ni0.0004Cr0.0099
94,76.0,0.0,30.0,0.0,396.0,30.0,24.0,610.0,845.0,30.0,0.0,24.0,0.04,650.0,0.03,60.0,30.0,845.0,Fe0.98335C0.0047Mn0.0072Cu0.0004Si0.0025P0.00015Ni0.0013Cr0.0004
95,67.0,0.01,30.0,0.0,468.0,30.0,24.0,1270.0,845.0,30.0,0.0,24.0,0.13,600.0,0.0,60.0,30.0,845.0,Fe0.9829C0.0049Mn0.008Si0.0026P0.00027S0.00023Ni0.0002Cr0.0009
96,319.0,0.01,30.0,0.0,588.0,30.0,24.0,590.0,870.0,30.0,0.0,8.0,0.06,580.0,0.0,60.0,30.0,845.0,Fe0.95974C0.0038Mn0.0071Cu0.0012Si0.0026P0.00016Mo0.0016Ni0.0166Cr0.0072
97,419.0,0.004,60.0,70.2,900.0,0.0,0.5,390.0,930.0,895.812,499.8,0.0,0.025,160.0,0.0,120.0,930.0,30.0,Fe0.97452C0.0019Mn0.0077Cu0.0016Si0.0021P0.00017S0.00011Mo0.0005Ni0.0012Cr0.0102
98,357.0,0.0,30.0,0.0,596.0,30.0,24.0,640.0,870.0,30.0,0.0,8.0,0.01,580.0,0.0,60.0,30.0,845.0,Fe0.96154C0.0045Mn0.0079Cu0.0005Si0.0016S0.00016Ni0.0165Cr0.0073
99,166.0,0.0,30.0,0.0,497.0,30.0,24.0,820.0,870.0,30.0,0.0,8.0,0.08,650.0,0.01,60.0,30.0,855.0,Fe0.97167C0.0036Mn0.0073Cu0.0019Si0.003P0.00017S0.00016Mo0.0016Ni0.0005Cr0.0101
100,344.0,0.0,30.0,0.0,483.0,30.0,24.0,5530.0,870.0,30.0,0.0,8.0,0.08,680.0,0.01,60.0,30.0,845.0,Fe0.95797C0.0038Mn0.0071Cu0.0004Si0.0026P0.00016S0.00017Mo0.0023Ni0.018Cr0.0075
101,313.0,0.0,30.0,0.0,590.0,30.0,24.0,740.0,870.0,30.0,0.0,8.0,0.05,580.0,0.01,60.0,30.0,845.0,Fe0.95789C0.004Mn0.007Cu0.0009Si0.0023P0.00011Mo0.0018Ni0.0182Cr0.0078
102,33.0,0.04,30.0,0.0,375.0,30.0,24.0,825.0,865.0,30.0,0.0,24.0,0.07,600.0,0.0,60.0,30.0,865.0,Fe0.98511C0.0035Mn0.0082Si0.0025P0.00016S0.00023Ni0.0003
103,378.0,0.0,30.0,0.0,794.0,30.0,24.0,622.0,845.0,30.0,0.0,8.0,0.067,420.0,0.012,60.0,30.0,845.0,Fe0.97001C0.0061Mn0.0087Cu0.002Si0.0028P0.00019S0.0002Mo0.0005Ni0.0008Cr0.0087
104,259.0,0.0,30.0,0.0,502.0,30.0,24.0,1100.0,870.0,30.0,0.0,8.0,0.03,600.0,0.0,60.0,30.0,845.0,Fe0.97393C0.0043Mn0.0138Cu0.001Si0.0034P0.00017Ni0.0008Cr0.0026
105,262.0,0.0,30.0,0.0,497.0,30.0,24.0,1510.0,870.0,30.0,0.0,8.0,0.0,600.0,0.03,60.0,30.0,845.0,Fe0.97675C0.0042Mn0.0151Si0.0021P0.00026S0.00019Ni0.0002Cr0.0012
106,409.0,0.0,140.0,45.0,1033.0,0.0,0.5,440.0,930.0,903.333,510.0,0.0,0.013,160.0,0.0,120.0,930.0,30.0,Fe0.97338C0.0023Mn0.0085Cu0.0007Si0.0029P0.00011S0.00011Mo0.0016Ni0.0044Cr0.006
107,105.0,0.02,30.0,0.0,402.0,30.0,24.0,825.0,825.0,30.0,0.0,24.0,0.12,650.0,0.0,60.0,30.0,825.0,Fe0.98219C0.0052Mn0.0083Cu0.0002Si0.0029P0.00016S0.00025Ni0.0004Cr0.0004
108,290.0,0.0,30.0,0.0,522.0,30.0,24.0,820.0,900.0,30.0,0.0,8.0,0.01,550.0,0.01,60.0,30.0,845.0,Fe0.95302C0.003Mn0.0053Cu0.0007Si0.0027P0.00018Ni0.027Cr0.0081
109,56.0,0.01,30.0,0.0,504.0,30.0,24.0,1270.0,845.0,30.0,0.0,24.0,0.13,550.0,0.0,60.0,30.0,845.0,Fe0.9829C0.0049Mn0.008Si0.0026P0.00027S0.00023Ni0.0002Cr0.0009
110,195.0,0.0,30.0,0.0,551.0,30.0,24.0,530.0,870.0,30.0,0.0,8.0,0.03,600.0,0.0,60.0,30.0,855.0,Fe0.97201C0.0041Mn0.0077Cu0.0005Si0.0024P0.00014S0.00015Mo0.002Ni0.0004Cr0.0106
111,392.0,0.0,60.0,15.0,1002.0,0.0,0.5,440.0,930.0,850.0,139.8,0.0,0.017,160.0,0.008,120.0,930.0,30.0,Fe0.96684C0.0017Mn0.0055Cu0.0005Si0.0028S0.00016Mo0.0016Ni0.0164Cr0.0045
112,376.0,0.0,30.0,0.0,678.0,30.0,24.0,1228.0,845.0,30.0,0.0,8.0,0.04,500.0,0.0,60.0,30.0,845.0,Fe0.96323C0.0059Mn0.0092Si0.0199P0.00027Cr0.0015
113,114.0,0.0,30.0,0.0,582.0,30.0,24.0,1740.0,870.0,30.0,0.0,8.0,0.03,550.0,0.0,60.0,30.0,855.0,Fe0.97385C0.0043Mn0.0074Cu0.0002Si0.0024P0.00022S0.00013Ni0.0003Cr0.0112
114,165.0,0.0,30.0,0.0,524.0,30.0,24.0,500.0,870.0,30.0,0.0,8.0,0.08,600.0,0.0,60.0,30.0,855.0,Fe0.97188C0.0034Mn0.0071Cu0.0012Si0.0029P0.00019S0.00013Mo0.0016Ni0.0011Cr0.0105
115,86.0,0.0,30.0,0.0,522.0,30.0,24.0,1740.0,825.0,30.0,0.0,24.0,0.08,550.0,0.0,60.0,30.0,825.0,Fe0.98285C0.0057Mn0.0074Cu0.0002Si0.0023P0.00018S0.00017Cr0.0012
116,47.0,0.05,30.0,0.0,325.0,30.0,24.0,610.0,865.0,30.0,0.0,24.0,0.06,650.0,0.03,60.0,30.0,865.0,Fe0.98583C0.0032Mn0.0063Cu0.0008Si0.0021S0.00017Ni0.0006Cr0.001
117,202.0,0.0,30.0,0.0,551.0,30.0,24.0,1740.0,870.0,30.0,0.0,8.0,0.06,600.0,0.01,60.0,30.0,855.0,Fe0.97436C0.0037Mn0.0069Cu0.0002Si0.0024P0.00018S0.00016Mo0.0019Ni0.0002Cr0.01
118,270.0,0.0,30.0,0.0,411.0,30.0,24.0,820.0,870.0,30.0,0.0,8.0,0.03,650.0,0.0,60.0,30.0,845.0,Fe0.9761C0.0042Mn0.015Cu0.0005Si0.0023Ni0.0004Cr0.0015
119,342.0,0.0,30.0,0.0,490.0,30.0,24.0,420.0,870.0,30.0,0.0,8.0,0.03,680.0,0.01,60.0,30.0,845.0,Fe0.95328C0.004Mn0.0079Cu0.0005Si0.0029P0.00022Mo0.0024Ni0.0192Cr0.0096
120,182.0,0.0,30.0,0.0,625.0,30.0,24.0,1740.0,870.0,30.0,0.0,8.0,0.06,550.0,0.0,60.0,30.0,855.0,Fe0.97209C0.0043Mn0.0074Cu0.0002Si0.0026P0.00019S0.00012Mo0.0022Ni0.0002Cr0.0107
121,42.0,0.02,30.0,0.0,385.0,30.0,24.0,1270.0,865.0,30.0,0.0,24.0,0.08,650.0,0.0,60.0,30.0,865.0,Fe0.98484C0.0033Mn0.0076Cu0.0003Si0.0026P0.00023S0.00013Cr0.001
122,25.0,0.02,30.0,0.0,385.0,30.0,24.0,1270.0,865.0,30.0,0.0,24.0,0.07,600.0,0.0,60.0,30.0,865.0,Fe0.98469C0.0035Mn0.0074Si0.003P0.00017S0.00024Cr0.001
123,170.0,0.0,30.0,0.0,459.0,30.0,24.0,500.0,870.0,30.0,0.0,8.0,0.08,650.0,0.01,60.0,30.0,855.0,Fe0.9726C0.0034Mn0.0072Cu0.001Si0.0025P0.00019S0.00011Mo0.0017Ni0.0012Cr0.0101
124,386.0,0.0,30.0,0.0,700.0,30.0,24.0,622.0,845.0,30.0,0.0,8.0,0.05,430.0,0.058,60.0,30.0,845.0,Fe0.96136C0.0053Mn0.0068Cu0.0026Si0.0151P0.00013S0.00011Mo0.0005Ni0.0013Cr0.0068
125,58.0,0.01,30.0,0.0,452.0,30.0,24.0,1270.0,845.0,30.0,0.0,24.0,0.04,550.0,0.0,60.0,30.0,845.0,Fe0.98496C0.0042Mn0.007Si0.0026P0.00024Cr0.001
126,384.0,0.0,30.0,0.0,874.0,30.0,24.0,925.0,845.0,30.0,0.0,8.0,0.03,430.0,0.0,60.0,30.0,845.0,Fe0.96519C0.0053Mn0.0069Si0.0149P0.00011Ni0.0002Cr0.0074
127,213.0,0.0,30.0,0.0,494.0,30.0,24.0,610.0,870.0,30.0,0.0,8.0,0.05,650.0,0.01,60.0,30.0,855.0,Fe0.97222C0.004Mn0.0077Cu0.0013Si0.0026P0.00018Mo0.0017Ni0.0005Cr0.0098
128,301.0,0.0,30.0,0.0,540.0,30.0,24.0,1740.0,900.0,30.0,0.0,8.0,0.03,600.0,0.0,60.0,30.0,845.0,Fe0.95347C0.0032Mn0.0052Cu0.0006Si0.003P0.00013Ni0.0267Cr0.0077
129,381.0,0.0,30.0,0.0,745.0,30.0,24.0,622.0,845.0,30.0,0.0,8.0,0.067,490.0,0.012,60.0,30.0,845.0,Fe0.97001C0.0061Mn0.0087Cu0.002Si0.0028P0.00019S0.0002Mo0.0005Ni0.0008Cr0.0087
130,44.0,0.01,30.0,0.0,368.0,30.0,24.0,1270.0,865.0,30.0,0.0,24.0,0.13,650.0,0.0,60.0,30.0,865.0,Fe0.98414C0.0037Mn0.0078Cu0.0002Si0.0027P0.00016S0.0002Cr0.0011
131,302.0,0.0,30.0,0.0,490.0,30.0,24.0,610.0,900.0,30.0,0.0,8.0,0.0,650.0,0.01,60.0,30.0,845.0,Fe0.9532C0.0032Mn0.0049Cu0.0009Si0.003Ni0.0266Cr0.0082
132,298.0,0.0,30.0,0.0,537.0,30.0,24.0,420.0,900.0,30.0,0.0,8.0,0.02,600.0,0.02,60.0,30.0,845.0,Fe0.95311C0.0028Mn0.0053Cu0.0005Si0.0027P0.00019Ni0.0267Cr0.0087
133,112.0,0.0,30.0,0.0,410.0,30.0,24.0,1740.0,825.0,30.0,0.0,24.0,0.09,650.0,0.0,60.0,30.0,825.0,Fe0.98288C0.0052Mn0.008Cu0.0002Si0.0021P0.00021S0.00021Ni0.0002Cr0.001
134,95.0,0.0,30.0,0.0,458.0,30.0,24.0,660.0,825.0,30.0,0.0,24.0,0.06,600.0,0.0,60.0,30.0,825.0,Fe0.98485C0.0056Mn0.0037Cu0.0011Si0.0026P0.00019S0.00026Ni0.0004Cr0.0013
135,402.0,0.0,60.0,25.2,927.0,0.0,0.5,390.0,930.0,882.3810000000002,130.2,0.0,0.046,160.0,0.0,120.0,930.0,30.0,Fe0.97338C0.002Mn0.0077Cu0.002Si0.0032P0.00024S0.00028Mo0.0019Ni0.0046Cr0.0047
136,367.0,0.0,30.0,0.0,476.0,30.0,24.0,640.0,870.0,30.0,0.0,8.0,0.02,680.0,0.0,60.0,30.0,845.0,Fe0.96114C0.0047Mn0.0076Cu0.0006Si0.0019P0.00013S0.00013Ni0.0167Cr0.0071
137,40.0,0.0,30.0,0.0,362.0,30.0,24.0,825.0,865.0,30.0,0.0,24.0,0.08,650.0,0.0,60.0,30.0,865.0,Fe0.9861C0.0033Mn0.0075Cu0.0002Si0.0021P0.00031S0.00019Cr0.0003
138,264.0,0.0,30.0,0.0,497.0,30.0,24.0,1100.0,870.0,30.0,0.0,8.0,0.04,600.0,0.0,60.0,30.0,845.0,Fe0.97415C0.0041Mn0.0136Cu0.001Si0.0034P0.0002S0.00015Ni0.0007Cr0.0027
139,46.0,0.0,30.0,0.0,365.0,30.0,24.0,1740.0,865.0,30.0,0.0,24.0,0.1,650.0,0.0,60.0,30.0,865.0,Fe0.98575C0.0037Mn0.0072Cu0.0002Si0.0024P0.00015S0.0002Ni0.0002Cr0.0002
140,137.0,0.0,30.0,0.0,483.0,30.0,24.0,1120.0,870.0,30.0,0.0,8.0,0.02,650.0,0.01,60.0,30.0,855.0,Fe0.97286C0.004Mn0.0079Cu0.0004Si0.0032P0.00013S0.00011Ni0.0005Cr0.0109
141,397.0,0.01,140.0,15.0,1190.0,0.0,0.5,860.0,930.0,850.0,540.0,0.0,0.07,160.0,0.0,120.0,930.0,30.0,Fe0.96368C0.0023Mn0.0051Cu0.0011Si0.0035S0.00012Mo0.0018Ni0.0169Cr0.0055
142,288.0,0.0,30.0,0.0,576.0,30.0,24.0,420.0,900.0,30.0,0.0,8.0,0.02,550.0,0.02,60.0,30.0,845.0,Fe0.95311C0.0028Mn0.0053Cu0.0005Si0.0027P0.00019Ni0.0267Cr0.0087
143,169.0,0.0,30.0,0.0,464.0,30.0,24.0,530.0,870.0,30.0,0.0,8.0,0.02,650.0,0.0,60.0,30.0,855.0,Fe0.97284C0.0036Mn0.0081Cu0.0008Si0.0023P0.00014S0.00022Mo0.0016Ni0.0005Cr0.0099
144,347.0,0.01,30.0,0.0,471.0,30.0,24.0,590.0,870.0,30.0,0.0,8.0,0.06,680.0,0.0,60.0,30.0,845.0,Fe0.95974C0.0038Mn0.0071Cu0.0012Si0.0026P0.00016Mo0.0016Ni0.0166Cr0.0072
145,373.0,0.0,30.0,0.0,698.0,30.0,24.0,1228.0,845.0,30.0,0.0,8.0,0.04,430.0,0.0,60.0,30.0,845.0,Fe0.96323C0.0059Mn0.0092Si0.0199P0.00027Cr0.0015
146,423.0,0.0,60.0,70.2,873.0,0.0,0.5,460.0,930.0,895.812,499.8,0.0,0.025,200.0,0.004,120.0,930.0,30.0,Fe0.97369C0.0021Mn0.0076Cu0.0014Si0.003P0.00021Mo0.0003Ni0.0008Cr0.0109
147,350.0,0.01,30.0,0.0,483.0,30.0,24.0,820.0,870.0,30.0,0.0,8.0,0.04,680.0,0.01,60.0,30.0,845.0,Fe0.95868C0.0038Mn0.007Cu0.0007Si0.0029P0.00012Mo0.0019Ni0.0175Cr0.0074
148,320.0,0.0,30.0,0.0,550.0,30.0,24.0,820.0,870.0,30.0,0.0,8.0,0.04,580.0,0.0,60.0,30.0,845.0,Fe0.95627C0.0041Mn0.0074Cu0.0012Si0.0029P0.00013Mo0.0022Ni0.0184Cr0.0074
149,327.0,0.0,30.0,0.0,543.0,30.0,24.0,740.0,870.0,30.0,0.0,8.0,0.05,630.0,0.01,60.0,30.0,845.0,Fe0.95789C0.004Mn0.007Cu0.0009Si0.0023P0.00011Mo0.0018Ni0.0182Cr0.0078
150,398.0,0.0,140.0,15.0,935.0,0.0,0.5,440.0,930.0,850.0,540.0,0.0,0.017,160.0,0.008,120.0,930.0,30.0,Fe0.96684C0.0017Mn0.0055Cu0.0005Si0.0028S0.00016Mo0.0016Ni0.0164Cr0.0045
151,294.0,0.0,30.0,0.0,517.0,30.0,24.0,420.0,900.0,30.0,0.0,8.0,0.0,600.0,0.02,60.0,30.0,845.0,Fe0.95392C0.0032Mn0.0054Cu0.0005Si0.0029P0.00018Ni0.0264Cr0.0075
152,326.0,0.0,30.0,0.0,551.0,30.0,24.0,640.0,870.0,30.0,0.0,8.0,0.01,630.0,0.0,60.0,30.0,845.0,Fe0.95998C0.0039Mn0.0077Cu0.0007Si0.0019S0.00012Mo0.0018Ni0.0167Cr0.0072
153,346.0,0.01,30.0,0.0,491.0,30.0,24.0,640.0,870.0,30.0,0.0,8.0,0.02,680.0,0.01,60.0,30.0,845.0,Fe0.95837C0.0042Mn0.0073Cu0.0009Si0.0025P0.00012S0.00021Mo0.0022Ni0.0169Cr0.0073
154,94.0,0.02,30.0,0.0,444.0,30.0,24.0,825.0,825.0,30.0,0.0,24.0,0.12,600.0,0.0,60.0,30.0,825.0,Fe0.98219C0.0052Mn0.0083Cu0.0002Si0.0029P0.00016S0.00025Ni0.0004Cr0.0004
155,143.0,0.0,30.0,0.0,572.0,30.0,24.0,740.0,870.0,30.0,0.0,8.0,0.02,550.0,0.01,60.0,30.0,855.0,Fe0.97224C0.0036Mn0.0074Cu0.0012Si0.0035P0.00016S0.0002Mo0.0015Ni0.0005Cr0.0097
156,224.0,0.0,30.0,0.0,516.0,30.0,24.0,1740.0,870.0,30.0,0.0,8.0,0.04,650.0,0.0,60.0,30.0,855.0,Fe0.97221C0.0044Mn0.0075Cu0.0002Si0.0026P0.00017S0.00012Mo0.0021Ni0.0002Cr0.0105
157,90.0,0.0,30.0,0.0,505.0,30.0,24.0,1740.0,825.0,30.0,0.0,24.0,0.09,550.0,0.0,60.0,30.0,825.0,Fe0.98288C0.0052Mn0.008Cu0.0002Si0.0021P0.00021S0.00021Ni0.0002Cr0.001
158,13.0,0.02,30.0,0.0,419.0,30.0,24.0,1270.0,865.0,30.0,0.0,24.0,0.07,550.0,0.0,60.0,30.0,865.0,Fe0.98469C0.0035Mn0.0074Si0.003P0.00017S0.00024Cr0.001
159,132.0,0.0,30.0,0.0,482.0,30.0,24.0,1120.0,870.0,30.0,0.0,8.0,0.02,650.0,0.03,60.0,30.0,855.0,Fe0.97198C0.004Mn0.0078Cu0.0013Si0.0031P0.00012Ni0.0007Cr0.011
160,425.0,0.004,60.0,70.2,898.0,0.0,0.5,390.0,930.0,895.812,499.8,0.0,0.025,200.0,0.0,120.0,930.0,30.0,Fe0.97452C0.0019Mn0.0077Cu0.0016Si0.0021P0.00017S0.00011Mo0.0005Ni0.0012Cr0.0102
161,412.0,0.0,60.0,34.8,1009.0,0.0,0.5,440.0,930.0,895.5169999999998,450.0,0.0,0.013,200.0,0.0,120.0,930.0,30.0,Fe0.97338C0.0023Mn0.0085Cu0.0007Si0.0029P0.00011S0.00011Mo0.0016Ni0.0044Cr0.006
162,66.0,0.0,30.0,0.0,438.0,30.0,24.0,1740.0,845.0,30.0,0.0,24.0,0.06,600.0,0.0,60.0,30.0,845.0,Fe0.98367C0.0043Mn0.0083Si0.0022P0.00017S0.00016Cr0.0012
163,382.0,0.0,30.0,0.0,707.0,30.0,24.0,289.0,845.0,30.0,0.0,8.0,0.05,490.0,0.0,60.0,30.0,845.0,Fe0.9753C0.0063Mn0.0077Cu0.0002Si0.0017P0.00026S0.00014Ni0.0003Cr0.0081
164,266.0,0.0,30.0,0.0,399.0,30.0,24.0,820.0,870.0,30.0,0.0,8.0,0.02,600.0,0.01,60.0,30.0,845.0,Fe0.9772C0.0041Mn0.0148Cu0.0006Si0.0022Ni0.0003Cr0.0008
165,102.0,0.0,30.0,0.0,475.0,30.0,24.0,610.0,825.0,30.0,0.0,24.0,0.08,600.0,0.04,60.0,30.0,825.0,Fe0.98073C0.0054Mn0.007Cu0.0022Si0.0027P0.00017S0.0002Ni0.0006Cr0.001
166,73.0,0.03,30.0,0.0,378.0,30.0,24.0,825.0,845.0,30.0,0.0,24.0,0.1,650.0,0.01,60.0,30.0,845.0,Fe0.98388C0.0044Mn0.0082Cu0.0002Si0.0024P0.00021S0.00021Ni0.0003Cr0.0002
167,255.0,0.0,30.0,0.0,551.0,30.0,24.0,1100.0,870.0,30.0,0.0,8.0,0.03,550.0,0.0,60.0,30.0,845.0,Fe0.97276C0.0046Mn0.0149Cu0.001Si0.003P0.00014Ni0.001Cr0.0026
168,215.0,0.0,30.0,0.0,480.0,30.0,24.0,700.0,870.0,30.0,0.0,8.0,0.03,650.0,0.0,60.0,30.0,855.0,Fe0.97288C0.0041Mn0.0074Cu0.0008Si0.0025P0.00013S0.00019Mo0.0016Ni0.0005Cr0.0099
169,303.0,0.01,30.0,0.0,477.0,30.0,24.0,700.0,900.0,30.0,0.0,8.0,0.01,650.0,0.03,60.0,30.0,845.0,Fe0.9544C0.0032Mn0.0058Cu0.0006Si0.0024Ni0.0265Cr0.0071
170,180.0,0.0,30.0,0.0,610.0,30.0,24.0,530.0,870.0,30.0,0.0,8.0,0.03,550.0,0.0,60.0,30.0,855.0,Fe0.97201C0.0041Mn0.0077Cu0.0005Si0.0024P0.00014S0.00015Mo0.002Ni0.0004Cr0.0106
171,28.0,0.0,30.0,0.0,377.0,30.0,24.0,825.0,865.0,30.0,0.0,24.0,0.08,600.0,0.0,60.0,30.0,865.0,Fe0.9861C0.0033Mn0.0075Cu0.0002Si0.0021P0.00031S0.00019Cr0.0003
172,175.0,0.0,30.0,0.0,467.0,30.0,24.0,640.0,870.0,30.0,0.0,8.0,0.03,650.0,0.0,60.0,30.0,855.0,Fe0.97435C0.0033Mn0.0069Cu0.0005Si0.0027P0.00015Mo0.0018Ni0.0004Cr0.0099
173,26.0,0.0,30.0,0.0,365.0,30.0,24.0,1740.0,865.0,30.0,0.0,24.0,0.08,600.0,0.0,60.0,30.0,865.0,Fe0.98613C0.0034Mn0.0074Si0.0026P0.00012S0.00015Cr0.0002
174,99.0,0.01,30.0,0.0,486.0,30.0,24.0,1270.0,825.0,30.0,0.0,24.0,0.1,600.0,0.0,60.0,30.0,825.0,Fe0.98144C0.0057Mn0.0082Si0.003P0.00024S0.00022Ni0.0002Cr0.001
175,336.0,0.01,30.0,0.0,550.0,30.0,24.0,820.0,870.0,30.0,0.0,8.0,0.04,630.0,0.01,60.0,30.0,845.0,Fe0.95868C0.0038Mn0.007Cu0.0007Si0.0029P0.00012Mo0.0019Ni0.0175Cr0.0074
176,138.0,0.0,30.0,0.0,587.0,30.0,24.0,820.0,870.0,30.0,0.0,8.0,0.08,550.0,0.01,60.0,30.0,855.0,Fe0.97167C0.0036Mn0.0073Cu0.0019Si0.003P0.00017S0.00016Mo0.0016Ni0.0005Cr0.0101
177,400.0,0.01,60.0,15.0,1110.0,0.0,0.5,860.0,930.0,850.0,469.8,0.0,0.07,200.0,0.0,120.0,930.0,30.0,Fe0.96368C0.0023Mn0.0051Cu0.0011Si0.0035S0.00012Mo0.0018Ni0.0169Cr0.0055
178,421.0,0.0,140.0,70.2,1068.0,0.0,0.5,690.0,930.0,895.812,529.8,0.0,0.07,160.0,0.01,120.0,930.0,30.0,Fe0.97469C0.0023Mn0.008Cu0.0007Si0.002P0.00013S0.00018Mo0.0002Ni0.0004Cr0.0114
179,129.0,0.0,30.0,0.0,503.0,30.0,24.0,1120.0,870.0,30.0,0.0,8.0,0.02,600.0,0.01,60.0,30.0,855.0,Fe0.97286C0.004Mn0.0079Cu0.0004Si0.0032P0.00013S0.00011Ni0.0005Cr0.0109
180,341.0,0.0,30.0,0.0,482.0,30.0,24.0,740.0,870.0,30.0,0.0,8.0,0.05,680.0,0.01,60.0,30.0,845.0,Fe0.95789C0.004Mn0.007Cu0.0009Si0.0023P0.00011Mo0.0018Ni0.0182Cr0.0078
181,260.0,0.0,30.0,0.0,451.0,30.0,24.0,480.0,870.0,30.0,0.0,8.0,0.02,600.0,0.0,60.0,30.0,845.0,Fe0.97521C0.0042Mn0.016Cu0.0007Si0.0021P0.00014S0.00015Ni0.0003Cr0.0012
182,322.0,0.01,30.0,0.0,604.0,30.0,24.0,820.0,870.0,30.0,0.0,8.0,0.04,580.0,0.01,60.0,30.0,845.0,Fe0.95868C0.0038Mn0.007Cu0.0007Si0.0029P0.00012Mo0.0019Ni0.0175Cr0.0074
183,217.0,0.0,30.0,0.0,504.0,30.0,24.0,1740.0,870.0,30.0,0.0,8.0,0.06,650.0,0.01,60.0,30.0,855.0,Fe0.97436C0.0037Mn0.0069Cu0.0002Si0.0024P0.00018S0.00016Mo0.0019Ni0.0002Cr0.01
184,126.0,0.01,30.0,0.0,511.0,30.0,24.0,820.0,870.0,30.0,0.0,8.0,0.01,600.0,0.01,60.0,30.0,855.0,Fe0.97469C0.0039Mn0.0073Cu0.0011Si0.0025P0.00011Ni0.0006Cr0.0098
185,394.0,0.01,60.0,15.0,1124.0,0.0,0.5,860.0,930.0,850.0,469.8,0.0,0.07,160.0,0.0,120.0,930.0,30.0,Fe0.96368C0.0023Mn0.0051Cu0.0011Si0.0035S0.00012Mo0.0018Ni0.0169Cr0.0055
186,125.0,0.0,30.0,0.0,517.0,30.0,24.0,1740.0,870.0,30.0,0.0,8.0,0.03,600.0,0.01,60.0,30.0,855.0,Fe0.9752C0.0042Mn0.0072Si0.0022P0.00016S0.00014Ni0.0003Cr0.0106
187,107.0,0.0,30.0,0.0,411.0,30.0,24.0,825.0,825.0,30.0,0.0,24.0,0.1,650.0,0.0,60.0,30.0,825.0,Fe0.98478C0.0054Mn0.0075Si0.002P0.00013S0.00019
188,283.0,0.01,30.0,0.0,530.0,30.0,24.0,700.0,900.0,30.0,0.0,8.0,0.01,550.0,0.03,60.0,30.0,845.0,Fe0.9544C0.0032Mn0.0058Cu0.0006Si0.0024Ni0.0265Cr0.0071
189,253.0,0.0,30.0,0.0,516.0,30.0,24.0,1510.0,870.0,30.0,0.0,8.0,0.0,550.0,0.02,60.0,30.0,845.0,Fe0.97777C0.004Mn0.0147Si0.0025P0.00027S0.00016Ni0.0002Cr0.0004
190,91.0,0.0,30.0,0.0,541.0,30.0,24.0,610.0,825.0,30.0,0.0,24.0,0.08,550.0,0.04,60.0,30.0,825.0,Fe0.98073C0.0054Mn0.007Cu0.0022Si0.0027P0.00017S0.0002Ni0.0006Cr0.001
191,261.0,0.0,30.0,0.0,459.0,30.0,24.0,480.0,870.0,30.0,0.0,8.0,0.02,600.0,0.0,60.0,30.0,845.0,Fe0.97424C0.0042Mn0.0158Cu0.0007Si0.0024P0.00014S0.00022Ni0.0006Cr0.0017
192,328.0,0.0,30.0,0.0,543.0,30.0,24.0,420.0,870.0,30.0,0.0,8.0,0.03,630.0,0.01,60.0,30.0,845.0,Fe0.95328C0.004Mn0.0079Cu0.0005Si0.0029P0.00022Mo0.0024Ni0.0192Cr0.0096
193,18.0,0.02,30.0,0.0,454.0,30.0,24.0,1270.0,865.0,30.0,0.0,24.0,0.08,550.0,0.0,60.0,30.0,865.0,Fe0.98484C0.0033Mn0.0076Cu0.0003Si0.0026P0.00023S0.00013Cr0.001
194,119.0,0.0,30.0,0.0,577.0,30.0,24.0,1120.0,870.0,30.0,0.0,8.0,0.01,550.0,0.01,60.0,30.0,855.0,Fe0.97276C0.0042Mn0.0081Cu0.0004Si0.0032P0.00014Ni0.0003Cr0.0109
195,151.0,0.0,30.0,0.0,557.0,30.0,24.0,500.0,870.0,30.0,0.0,8.0,0.08,550.0,0.0,60.0,30.0,855.0,Fe0.97188C0.0034Mn0.0071Cu0.0012Si0.0029P0.00019S0.00013Mo0.0016Ni0.0011Cr0.0105
196,124.0,0.0,30.0,0.0,516.0,30.0,24.0,1120.0,870.0,30.0,0.0,8.0,0.02,600.0,0.03,60.0,30.0,855.0,Fe0.97198C0.004Mn0.0078Cu0.0013Si0.0031P0.00012Ni0.0007Cr0.011
197,168.0,0.0,30.0,0.0,463.0,30.0,24.0,1120.0,870.0,30.0,0.0,8.0,0.0,650.0,0.01,60.0,30.0,855.0,Fe0.97298C0.0036Mn0.0079Cu0.0004Si0.0027P0.00012Mo0.0017Ni0.0003Cr0.0103
198,221.0,0.01,30.0,0.0,501.0,30.0,24.0,700.0,870.0,30.0,0.0,8.0,0.07,650.0,0.0,60.0,30.0,855.0,Fe0.97034C0.004Mn0.0087Cu0.0011Si0.0025P0.00011S0.00015Mo0.0018Ni0.0007Cr0.0106
199,295.0,0.0,30.0,0.0,540.0,30.0,24.0,420.0,900.0,30.0,0.0,8.0,0.0,600.0,0.02,60.0,30.0,845.0,Fe0.95111C0.0035Mn0.0054Cu0.0005Si0.0026P0.00019Ni0.0278Cr0.0089
200,31.0,0.0,30.0,0.0,395.0,30.0,24.0,1740.0,865.0,30.0,0.0,24.0,0.06,600.0,0.0,60.0,30.0,865.0,Fe0.98586C0.0032Mn0.0073Cu0.0003Si0.0026P0.00015S0.00019Ni0.0002Cr0.0002
201,374.0,0.0,30.0,0.0,906.0,30.0,24.0,1455.0,845.0,30.0,0.0,8.0,0.07,430.0,0.01,60.0,30.0,845.0,Fe0.96007C0.0061Mn0.0086Cu0.0012Si0.0205P0.00019S0.00014Ni0.0016Cr0.0016
202,89.0,0.0,30.0,0.0,492.0,30.0,24.0,610.0,825.0,30.0,0.0,24.0,0.06,550.0,0.04,60.0,30.0,825.0,Fe0.98327C0.0056Mn0.0068Cu0.0003Si0.0025S0.00023Ni0.0003Cr0.001
203,12.0,0.03,30.0,0.0,397.0,30.0,24.0,825.0,865.0,30.0,0.0,24.0,0.05,550.0,0.0,60.0,30.0,865.0,Fe0.98607C0.0035Mn0.0077Cu0.0002Si0.0021P0.00021S0.00022
204,410.0,0.0,140.0,45.0,1080.0,0.0,0.5,690.0,930.0,903.333,510.0,0.0,0.06,160.0,0.0,120.0,930.0,30.0,Fe0.97316C0.0018Mn0.0076Cu0.0012Si0.0026S0.00014Mo0.0017Ni0.0056Cr0.0062
205,333.0,0.01,30.0,0.0,531.0,30.0,24.0,590.0,870.0,30.0,0.0,8.0,0.06,630.0,0.0,60.0,30.0,845.0,Fe0.95974C0.0038Mn0.0071Cu0.0012Si0.0026P0.00016Mo0.0016Ni0.0166Cr0.0072
206,364.0,0.0,30.0,0.0,543.0,30.0,24.0,640.0,870.0,30.0,0.0,8.0,0.03,630.0,0.0,60.0,30.0,845.0,Fe0.96104C0.0048Mn0.007Cu0.0011Si0.002S0.00016Ni0.0166Cr0.0073
207,235.0,0.0,30.0,0.0,438.0,30.0,24.0,530.0,870.0,30.0,0.0,8.0,0.02,600.0,0.01,60.0,30.0,845.0,Fe0.9759C0.004Mn0.0156Cu0.0005Si0.0022P0.00011S0.00019Ni0.0006Cr0.0009
208,188.0,0.01,30.0,0.0,582.0,30.0,24.0,500.0,870.0,30.0,0.0,8.0,0.09,550.0,0.01,60.0,30.0,855.0,Fe0.97028C0.0042Mn0.0077Cu0.0009Si0.0029P0.00015S0.00017Mo0.0015Ni0.0012Cr0.011
209,74.0,0.04,30.0,0.0,372.0,30.0,24.0,825.0,845.0,30.0,0.0,24.0,0.11,650.0,0.0,60.0,30.0,845.0,Fe0.98488C0.0042Mn0.0078Cu0.0003Si0.0022P0.00022S0.0002Cr0.0002
210,80.0,0.01,30.0,0.0,382.0,30.0,24.0,1270.0,845.0,30.0,0.0,24.0,0.04,650.0,0.0,60.0,30.0,845.0,Fe0.98496C0.0042Mn0.007Si0.0026P0.00024Cr0.001
211,274.0,0.0,30.0,0.0,438.0,30.0,24.0,1510.0,870.0,30.0,0.0,8.0,0.0,650.0,0.03,60.0,30.0,845.0,Fe0.97675C0.0042Mn0.0151Si0.0021P0.00026S0.00019Ni0.0002Cr0.0012
212,27.0,0.0,30.0,0.0,379.0,30.0,24.0,610.0,865.0,30.0,0.0,24.0,0.07,600.0,0.03,60.0,30.0,865.0,Fe0.98367C0.0036Mn0.007Cu0.0009Si0.0026S0.00023Ni0.0008Cr0.0012
213,329.0,0.0,30.0,0.0,524.0,30.0,24.0,590.0,870.0,30.0,0.0,8.0,0.07,630.0,0.01,60.0,30.0,845.0,Fe0.96019C0.004Mn0.007Cu0.0008Si0.0025P0.00021S0.0002Mo0.0017Ni0.0163Cr0.0071
214,435.0,0.0,60.0,70.2,1104.0,0.0,0.5,690.0,930.0,895.812,340.2,0.0,0.08,200.0,0.0,120.0,930.0,30.0,Fe0.97169C0.0021Mn0.0081Cu0.0007Si0.0031P0.00012S0.00019Mo0.0017Ni0.0006Cr0.0117
215,404.0,0.0,60.0,25.2,986.0,0.0,0.5,690.0,930.0,882.3810000000002,130.2,0.0,0.06,160.0,0.0,120.0,930.0,30.0,Fe0.97316C0.0018Mn0.0076Cu0.0012Si0.0026S0.00014Mo0.0017Ni0.0056Cr0.0062
216,280.0,0.0,30.0,0.0,442.0,30.0,24.0,1740.0,870.0,30.0,0.0,8.0,0.07,650.0,0.0,60.0,30.0,845.0,Fe0.97591C0.0043Mn0.0146Cu0.0002Si0.0026P0.00012S0.00017Ni0.0002Cr0.0019
217,20.0,0.01,30.0,0.0,416.0,30.0,24.0,1270.0,865.0,30.0,0.0,24.0,0.13,550.0,0.0,60.0,30.0,865.0,Fe0.98414C0.0037Mn0.0078Cu0.0002Si0.0027P0.00016S0.0002Cr0.0011
218,133.0,0.0,30.0,0.0,470.0,30.0,24.0,1740.0,870.0,30.0,0.0,8.0,0.03,650.0,0.01,60.0,30.0,855.0,Fe0.9752C0.0042Mn0.0072Si0.0022P0.00016S0.00014Ni0.0003Cr0.0106
219,385.0,0.01,30.0,0.0,829.0,30.0,24.0,1455.0,845.0,30.0,0.0,8.0,0.02,430.0,0.01,60.0,30.0,845.0,Fe0.9668C0.0053Mn0.0075Cu0.0006Si0.0131Ni0.0004Cr0.0063
220,387.0,0.0,30.0,0.0,806.0,30.0,24.0,925.0,845.0,30.0,0.0,8.0,0.03,500.0,0.0,60.0,30.0,845.0,Fe0.96497C0.0054Mn0.0069Si0.015P0.00013Ni0.0002Cr0.0074
221,356.0,0.0,30.0,0.0,607.0,30.0,24.0,820.0,870.0,30.0,0.0,8.0,0.02,580.0,0.02,60.0,30.0,845.0,Fe0.9595C0.0044Mn0.0074Cu0.0009Si0.0025Ni0.0174Cr0.0079
222,334.0,0.0,30.0,0.0,512.0,30.0,24.0,820.0,870.0,30.0,0.0,8.0,0.04,630.0,0.0,60.0,30.0,845.0,Fe0.95627C0.0041Mn0.0074Cu0.0012Si0.0029P0.00013Mo0.0022Ni0.0184Cr0.0074
223,230.0,0.0,30.0,0.0,432.0,30.0,24.0,480.0,870.0,30.0,0.0,8.0,0.02,550.0,0.0,60.0,30.0,845.0,Fe0.97508C0.0038Mn0.0159Cu0.0005Si0.0021P0.00017S0.00015Ni0.0003Cr0.002
224,352.0,0.0,30.0,0.0,491.0,30.0,24.0,420.0,870.0,30.0,0.0,8.0,0.07,680.0,0.01,60.0,30.0,845.0,Fe0.95513C0.0037Mn0.0076Cu0.0003Si0.0029P0.00017Mo0.0024Ni0.0188Cr0.009
225,50.0,0.0,30.0,0.0,465.0,30.0,24.0,610.0,845.0,30.0,0.0,24.0,0.06,550.0,0.01,60.0,30.0,845.0,Fe0.9829C0.0045Mn0.0071Cu0.0013Si0.0024Ni0.0012Cr0.0006
226,309.0,0.0,30.0,0.0,496.0,30.0,24.0,700.0,900.0,30.0,0.0,8.0,0.01,650.0,0.01,60.0,30.0,845.0,Fe0.9523C0.0034Mn0.0065Cu0.0005Si0.0026Ni0.0263Cr0.0084
227,36.0,0.03,30.0,0.0,344.0,30.0,24.0,825.0,865.0,30.0,0.0,24.0,0.05,650.0,0.0,60.0,30.0,865.0,Fe0.98607C0.0035Mn0.0077Cu0.0002Si0.0021P0.00021S0.00022
228,174.0,0.0,30.0,0.0,496.0,30.0,24.0,1740.0,870.0,30.0,0.0,8.0,0.05,650.0,0.0,60.0,30.0,855.0,Fe0.97387C0.0035Mn0.0071Cu0.0002Si0.0025P0.0002S0.00013Mo0.0017Ni0.0002Cr0.0106
229,323.0,0.0,30.0,0.0,619.0,30.0,24.0,420.0,870.0,30.0,0.0,8.0,0.03,580.0,0.0,60.0,30.0,845.0,Fe0.95444C0.0042Mn0.0078Cu0.0004Si0.003P0.00016Mo0.0024Ni0.019Cr0.0086
230,208.0,0.0,30.0,0.0,577.0,30.0,24.0,510.0,870.0,30.0,0.0,8.0,0.04,600.0,0.03,60.0,30.0,855.0,Fe0.97088C0.004Mn0.0074Cu0.001Si0.0025P0.00014S0.00028Mo0.0018Ni0.0024Cr0.0096
231,407.0,0.0,60.0,34.8,1089.0,0.0,0.5,690.0,930.0,895.5169999999998,450.0,0.0,0.06,160.0,0.0,120.0,930.0,30.0,Fe0.97316C0.0018Mn0.0076Cu0.0012Si0.0026S0.00014Mo0.0017Ni0.0056Cr0.0062
232,282.0,0.0,30.0,0.0,563.0,30.0,24.0,610.0,900.0,30.0,0.0,8.0,0.0,550.0,0.01,60.0,30.0,845.0,Fe0.9532C0.0032Mn0.0049Cu0.0009Si0.003Ni0.0266Cr0.0082
233,79.0,0.0,30.0,0.0,398.0,30.0,24.0,610.0,845.0,30.0,0.0,24.0,0.09,650.0,0.04,60.0,30.0,845.0,Fe0.98164C0.0045Mn0.0079Cu0.0015Si0.0025P0.00011S0.00025Ni0.0012Cr0.0004
234,88.0,0.01,30.0,0.0,533.0,30.0,24.0,1270.0,825.0,30.0,0.0,24.0,0.1,550.0,0.0,60.0,30.0,825.0,Fe0.98144C0.0057Mn0.0082Si0.003P0.00024S0.00022Ni0.0002Cr0.001
235,318.0,0.01,30.0,0.0,588.0,30.0,24.0,640.0,870.0,30.0,0.0,8.0,0.02,580.0,0.01,60.0,30.0,845.0,Fe0.95837C0.0042Mn0.0073Cu0.0009Si0.0025P0.00012S0.00021Mo0.0022Ni0.0169Cr0.0073
236,187.0,0.0,30.0,0.0,606.0,30.0,24.0,1740.0,870.0,30.0,0.0,8.0,0.06,550.0,0.01,60.0,30.0,855.0,Fe0.97436C0.0037Mn0.0069Cu0.0002Si0.0024P0.00018S0.00016Mo0.0019Ni0.0002Cr0.01
237,428.0,0.004,60.0,49.8,858.0,0.0,0.5,530.0,930.0,881.807,90.0,0.0,0.017,160.0,0.008,120.0,930.0,30.0,Fe0.97369C0.0018Mn0.0079Cu0.0008Si0.0025P0.00016S0.00015Mo0.0015Ni0.0007Cr0.0108
238,297.0,0.0,30.0,0.0,523.0,30.0,24.0,820.0,900.0,30.0,0.0,8.0,0.01,600.0,0.01,60.0,30.0,845.0,Fe0.9534C0.0033Mn0.0049Cu0.0006Si0.003Ni0.0266Cr0.0082
239,332.0,0.01,30.0,0.0,531.0,30.0,24.0,640.0,870.0,30.0,0.0,8.0,0.02,630.0,0.01,60.0,30.0,845.0,Fe0.95837C0.0042Mn0.0073Cu0.0009Si0.0025P0.00012S0.00021Mo0.0022Ni0.0169Cr0.0073
240,244.0,0.0,30.0,0.0,363.0,30.0,24.0,480.0,870.0,30.0,0.0,8.0,0.02,650.0,0.0,60.0,30.0,845.0,Fe0.97508C0.0038Mn0.0159Cu0.0005Si0.0021P0.00017S0.00015Ni0.0003Cr0.002
241,183.0,0.0,30.0,0.0,562.0,30.0,24.0,610.0,870.0,30.0,0.0,8.0,0.05,550.0,0.01,60.0,30.0,855.0,Fe0.97222C0.004Mn0.0077Cu0.0013Si0.0026P0.00018Mo0.0017Ni0.0005Cr0.0098
242,383.0,0.0,30.0,0.0,718.0,30.0,24.0,796.0,845.0,30.0,0.0,8.0,0.058,490.0,0.004,60.0,30.0,845.0,Fe0.97234C0.0062Mn0.0088Cu0.0012Si0.0029P0.00026Mo0.0003Ni0.0005Cr0.0075
243,360.0,0.0,30.0,0.0,551.0,30.0,24.0,740.0,870.0,30.0,0.0,8.0,0.03,630.0,0.01,60.0,30.0,845.0,Fe0.95909C0.0047Mn0.0072Cu0.0006Si0.0028P0.00011Ni0.0176Cr0.0079
244,223.0,0.0,30.0,0.0,523.0,30.0,24.0,510.0,870.0,30.0,0.0,8.0,0.04,650.0,0.03,60.0,30.0,855.0,Fe0.97088C0.004Mn0.0074Cu0.001Si0.0025P0.00014S0.00028Mo0.0018Ni0.0024Cr0.0096
245,98.0,0.0,30.0,0.0,466.0,30.0,24.0,1270.0,825.0,30.0,0.0,24.0,0.09,600.0,0.0,60.0,30.0,825.0,Fe0.98155C0.0053Mn0.0083Si0.003P0.00019S0.00026Ni0.0002Cr0.0012
246,406.0,0.0,60.0,34.8,946.0,0.0,0.5,440.0,930.0,895.5169999999998,450.0,0.0,0.013,160.0,0.0,120.0,930.0,30.0,Fe0.97338C0.0023Mn0.0085Cu0.0007Si0.0029P0.00011S0.00011Mo0.0016Ni0.0044Cr0.006
247,142.0,0.0,30.0,0.0,535.0,30.0,24.0,500.0,870.0,30.0,0.0,8.0,0.08,550.0,0.01,60.0,30.0,855.0,Fe0.9726C0.0034Mn0.0072Cu0.001Si0.0025P0.00019S0.00011Mo0.0017Ni0.0012Cr0.0101
248,258.0,0.0,30.0,0.0,449.0,30.0,24.0,820.0,870.0,30.0,0.0,8.0,0.03,600.0,0.0,60.0,30.0,845.0,Fe0.9761C0.0042Mn0.015Cu0.0005Si0.0023Ni0.0004Cr0.0015
249,48.0,0.0,30.0,0.0,513.0,30.0,24.0,1740.0,845.0,30.0,0.0,24.0,0.07,550.0,0.0,60.0,30.0,845.0,Fe0.98306C0.0045Mn0.0079Cu0.0002Si0.0025P0.00018S0.00016Ni0.0002Cr0.0013
250,2.0,0.0,30.0,0.0,235.0,0.0,0.0,610.0,885.0,30.0,0.0,0.0,0.11,30.0,0.04,0.0,30.0,30.0,Fe0.98833C0.0025Mn0.0044Cu0.0008Si0.0018S0.00017Ni0.0008Cr0.0012
251,83.0,0.02,30.0,0.0,489.0,30.0,24.0,825.0,825.0,30.0,0.0,24.0,0.12,550.0,0.0,60.0,30.0,825.0,Fe0.98219C0.0052Mn0.0083Cu0.0002Si0.0029P0.00016S0.00025Ni0.0004Cr0.0004
252,222.0,0.0,30.0,0.0,517.0,30.0,24.0,820.0,870.0,30.0,0.0,8.0,0.02,650.0,0.02,60.0,30.0,855.0,Fe0.9741C0.004Mn0.007Cu0.0012Si0.0022Mo0.0017Ni0.0004Cr0.0094
253,118.0,0.01,30.0,0.0,536.0,30.0,24.0,820.0,870.0,30.0,0.0,8.0,0.01,550.0,0.01,60.0,30.0,855.0,Fe0.97469C0.0039Mn0.0073Cu0.0011Si0.0025P0.00011Ni0.0006Cr0.0098
254,9.0,0.0,30.0,0.0,275.0,0.0,0.0,610.0,885.0,30.0,0.0,0.0,0.08,30.0,0.04,0.0,30.0,30.0,Fe0.9885C0.0027Mn0.0037Cu0.0009Si0.0023S0.0003Ni0.0006Cr0.001
255,317.0,0.0,30.0,0.0,591.0,30.0,24.0,1290.0,870.0,30.0,0.0,8.0,0.06,580.0,0.0,60.0,30.0,845.0,Fe0.95787C0.004Mn0.0073Cu0.0008Si0.0033P0.00011S0.00012Mo0.002Ni0.0171Cr0.0074
256,43.0,0.0,30.0,0.0,348.0,30.0,24.0,1740.0,865.0,30.0,0.0,24.0,0.06,650.0,0.0,60.0,30.0,865.0,Fe0.98586C0.0032Mn0.0073Cu0.0003Si0.0026P0.00015S0.00019Ni0.0002Cr0.0002
257,231.0,0.0,30.0,0.0,482.0,30.0,24.0,1740.0,870.0,30.0,0.0,8.0,0.06,550.0,0.01,60.0,30.0,845.0,Fe0.97871C0.004Mn0.0138Cu0.0002Si0.0025P0.00017S0.00012Ni0.0002Cr0.0003
258,368.0,0.0,30.0,0.0,482.0,30.0,24.0,820.0,870.0,30.0,0.0,8.0,0.02,680.0,0.02,60.0,30.0,845.0,Fe0.9595C0.0044Mn0.0074Cu0.0009Si0.0025Ni0.0174Cr0.0079
259,212.0,0.0,30.0,0.0,511.0,30.0,24.0,1740.0,870.0,30.0,0.0,8.0,0.06,650.0,0.0,60.0,30.0,855.0,Fe0.97209C0.0043Mn0.0074Cu0.0002Si0.0026P0.00019S0.00012Mo0.0022Ni0.0002Cr0.0107
260,437.0,0.004,60.0,70.2,882.0,0.0,0.5,530.0,930.0,895.812,340.2,0.0,0.017,200.0,0.008,120.0,930.0,30.0,Fe0.97369C0.0018Mn0.0079Cu0.0008Si0.0025P0.00016S0.00015Mo0.0015Ni0.0007Cr0.0108
261,123.0,0.0,30.0,0.0,504.0,30.0,24.0,820.0,870.0,30.0,0.0,8.0,0.01,600.0,0.01,60.0,30.0,855.0,Fe0.9758C0.0042Mn0.0071Cu0.0004Si0.0027Ni0.0002Cr0.0096
262,353.0,0.0,30.0,0.0,463.0,30.0,24.0,590.0,870.0,30.0,0.0,8.0,0.07,680.0,0.0,60.0,30.0,845.0,Fe0.9604C0.0043Mn0.0068Cu0.0009Si0.0026P0.00012S0.00018Mo0.0017Ni0.0162Cr0.0068
263,395.0,0.0,60.0,15.0,1082.0,0.0,0.5,440.0,930.0,850.0,469.8,0.0,0.017,160.0,0.008,120.0,930.0,30.0,Fe0.96684C0.0017Mn0.0055Cu0.0005Si0.0028S0.00016Mo0.0016Ni0.0164Cr0.0045
264,278.0,0.0,30.0,0.0,383.0,30.0,24.0,820.0,870.0,30.0,0.0,8.0,0.02,650.0,0.01,60.0,30.0,845.0,Fe0.9772C0.0041Mn0.0148Cu0.0006Si0.0022Ni0.0003Cr0.0008
265,436.0,0.01,60.0,70.2,1008.0,0.0,0.5,240.0,930.0,895.812,340.2,0.0,0.05,200.0,0.0,120.0,930.0,30.0,Fe0.97761C0.0021Mn0.0065Si0.0026P0.00015S0.00024Mo0.0015Ni0.0002Cr0.0091
266,177.0,0.0,30.0,0.0,490.0,30.0,24.0,500.0,870.0,30.0,0.0,8.0,0.05,650.0,0.02,60.0,30.0,855.0,Fe0.97153C0.0037Mn0.0076Cu0.0012Si0.0029P0.00017Mo0.0016Ni0.0012Cr0.0101
267,314.0,0.0,30.0,0.0,606.0,30.0,24.0,420.0,870.0,30.0,0.0,8.0,0.03,580.0,0.01,60.0,30.0,845.0,Fe0.95328C0.004Mn0.0079Cu0.0005Si0.0029P0.00022Mo0.0024Ni0.0192Cr0.0096
268,92.0,0.0,30.0,0.0,468.0,30.0,24.0,1740.0,825.0,30.0,0.0,24.0,0.07,600.0,0.0,60.0,30.0,825.0,Fe0.9834C0.0055Mn0.0076Si0.0023P0.00018S0.00012Cr0.0009
269,388.0,0.01,30.0,0.0,720.0,30.0,24.0,1455.0,845.0,30.0,0.0,8.0,0.02,500.0,0.01,60.0,30.0,845.0,Fe0.9667C0.0053Mn0.0075Cu0.0006Si0.0131Ni0.0004Cr0.0064
270,145.0,0.0,30.0,0.0,563.0,30.0,24.0,1120.0,870.0,30.0,0.0,8.0,0.03,550.0,0.01,60.0,30.0,855.0,Fe0.97123C0.0035Mn0.008Cu0.0018Si0.0025P0.0002S0.00017Mo0.0019Ni0.0008Cr0.0099
271,275.0,0.0,30.0,0.0,410.0,30.0,24.0,740.0,870.0,30.0,0.0,8.0,0.02,650.0,0.01,60.0,30.0,845.0,Fe0.974C0.0045Mn0.0158Cu0.0008Si0.0033Ni0.0006Cr0.001
272,416.0,0.004,60.0,34.8,889.0,0.0,0.5,390.0,930.0,895.5169999999998,100.2,0.0,0.025,160.0,0.0,120.0,930.0,30.0,Fe0.97452C0.0019Mn0.0077Cu0.0016Si0.0021P0.00017S0.00011Mo0.0005Ni0.0012Cr0.0102
273,115.0,0.0,30.0,0.0,524.0,30.0,24.0,820.0,870.0,30.0,0.0,8.0,0.01,550.0,0.01,60.0,30.0,855.0,Fe0.9758C0.0042Mn0.0071Cu0.0004Si0.0027Ni0.0002Cr0.0096
274,162.0,0.0,30.0,0.0,550.0,30.0,24.0,820.0,870.0,30.0,0.0,8.0,0.1,600.0,0.0,60.0,30.0,855.0,Fe0.97476C0.0035Mn0.007Cu0.0002Si0.0025P0.00026S0.00018Mo0.0016Cr0.01
275,236.0,0.01,30.0,0.0,404.0,30.0,24.0,610.0,870.0,30.0,0.0,8.0,0.02,600.0,0.02,60.0,30.0,845.0,Fe0.9748C0.0041Mn0.0151Cu0.0008Si0.0024P0.0002Ni0.0004Cr0.0022
276,430.0,0.01,60.0,70.2,1028.0,0.0,0.5,240.0,930.0,895.812,340.2,0.0,0.05,160.0,0.0,120.0,930.0,30.0,Fe0.97761C0.0021Mn0.0065Si0.0026P0.00015S0.00024Mo0.0015Ni0.0002Cr0.0091
277,37.0,0.02,30.0,0.0,369.0,30.0,24.0,1270.0,865.0,30.0,0.0,24.0,0.07,650.0,0.0,60.0,30.0,865.0,Fe0.98469C0.0035Mn0.0074Si0.003P0.00017S0.00024Cr0.001
278,53.0,0.0,30.0,0.0,502.0,30.0,24.0,1740.0,845.0,30.0,0.0,24.0,0.08,550.0,0.0,60.0,30.0,845.0,Fe0.98354C0.0048Mn0.0075Si0.0025P0.00024S0.00022Ni0.0002Cr0.001
279,226.0,0.0,30.0,0.0,427.0,30.0,24.0,610.0,870.0,30.0,0.0,8.0,0.03,550.0,0.01,60.0,30.0,845.0,Fe0.97588C0.0038Mn0.0152Cu0.0007Si0.0027P0.00012Ni0.0003Cr0.0013
280,338.0,0.0,30.0,0.0,583.0,30.0,24.0,420.0,870.0,30.0,0.0,8.0,0.07,630.0,0.01,60.0,30.0,845.0,Fe0.95513C0.0037Mn0.0076Cu0.0003Si0.0029P0.00017Mo0.0024Ni0.0188Cr0.009
281,417.0,0.0,60.0,70.2,884.0,0.0,0.5,460.0,930.0,895.812,499.8,0.0,0.025,160.0,0.004,120.0,930.0,30.0,Fe0.97369C0.0021Mn0.0076Cu0.0014Si0.003P0.00021Mo0.0003Ni0.0008Cr0.0109
282,348.0,0.0,30.0,0.0,469.0,30.0,24.0,820.0,870.0,30.0,0.0,8.0,0.04,680.0,0.0,60.0,30.0,845.0,Fe0.95627C0.0041Mn0.0074Cu0.0012Si0.0029P0.00013Mo0.0022Ni0.0184Cr0.0074
283,265.0,0.0,30.0,0.0,461.0,30.0,24.0,1510.0,870.0,30.0,0.0,8.0,0.0,600.0,0.02,60.0,30.0,845.0,Fe0.97777C0.004Mn0.0147Si0.0025P0.00027S0.00016Ni0.0002Cr0.0004
284,108.0,0.0,30.0,0.0,428.0,30.0,24.0,1740.0,825.0,30.0,0.0,24.0,0.08,650.0,0.0,60.0,30.0,825.0,Fe0.98285C0.0057Mn0.0074Cu0.0002Si0.0023P0.00018S0.00017Cr0.0012
285,432.0,0.0,140.0,70.2,1080.0,0.0,0.5,690.0,930.0,895.812,340.2,0.0,0.08,160.0,0.0,120.0,930.0,30.0,Fe0.97169C0.0021Mn0.0081Cu0.0007Si0.0031P0.00012S0.00019Mo0.0017Ni0.0006Cr0.0117
286,324.0,0.0,30.0,0.0,643.0,30.0,24.0,420.0,870.0,30.0,0.0,8.0,0.07,580.0,0.01,60.0,30.0,845.0,Fe0.95513C0.0037Mn0.0076Cu0.0003Si0.0029P0.00017Mo0.0024Ni0.0188Cr0.009
287,153.0,0.0,30.0,0.0,519.0,30.0,24.0,1250.0,870.0,30.0,0.0,8.0,0.0,600.0,0.02,60.0,30.0,855.0,Fe0.97419C0.0035Mn0.007Si0.003P0.00019S0.00012Mo0.0015Ni0.0002Cr0.0103
288,431.0,0.004,60.0,70.2,948.0,0.0,0.5,530.0,930.0,895.812,340.2,0.0,0.017,160.0,0.008,120.0,930.0,30.0,Fe0.97369C0.0018Mn0.0079Cu0.0008Si0.0025P0.00016S0.00015Mo0.0015Ni0.0007Cr0.0108
289,178.0,0.0,30.0,0.0,523.0,30.0,24.0,1120.0,870.0,30.0,0.0,8.0,0.03,650.0,0.02,60.0,30.0,855.0,Fe0.97103C0.0038Mn0.008Cu0.0012Si0.0027P0.00015S0.00012Mo0.0016Ni0.0007Cr0.0107
290,211.0,0.0,30.0,0.0,496.0,30.0,24.0,500.0,870.0,30.0,0.0,8.0,0.08,650.0,0.01,60.0,30.0,855.0,Fe0.97111C0.0039Mn0.0086Cu0.0012Si0.0027P0.00019Mo0.0017Ni0.001Cr0.0096
291,391.0,0.01,60.0,15.0,1139.0,0.0,0.5,860.0,930.0,850.0,139.8,0.0,0.07,160.0,0.0,120.0,930.0,30.0,Fe0.96368C0.0023Mn0.0051Cu0.0011Si0.0035S0.00012Mo0.0018Ni0.0169Cr0.0055
292,403.0,0.0,60.0,25.2,976.0,0.0,0.5,440.0,930.0,882.3810000000002,130.2,0.0,0.013,160.0,0.0,120.0,930.0,30.0,Fe0.97338C0.0023Mn0.0085Cu0.0007Si0.0029P0.00011S0.00011Mo0.0016Ni0.0044Cr0.006
293,197.0,0.0,30.0,0.0,564.0,30.0,24.0,1740.0,870.0,30.0,0.0,8.0,0.06,600.0,0.0,60.0,30.0,855.0,Fe0.97209C0.0043Mn0.0074Cu0.0002Si0.0026P0.00019S0.00012Mo0.0022Ni0.0002Cr0.0107
294,415.0,0.0,60.0,34.8,1086.0,0.0,0.5,690.0,930.0,895.5169999999998,100.2,0.0,0.07,160.0,0.01,120.0,930.0,30.0,Fe0.97469C0.0023Mn0.008Cu0.0007Si0.002P0.00013S0.00018Mo0.0002Ni0.0004Cr0.0114
295,3.0,0.02,30.0,0.0,235.0,0.0,0.0,1270.0,885.0,30.0,0.0,0.0,0.07,30.0,0.0,0.0,30.0,30.0,Fe0.98975C0.0026Mn0.0043Si0.0027S0.00015Ni0.0002Cr0.0003
296,285.0,0.0,30.0,0.0,578.0,30.0,24.0,420.0,900.0,30.0,0.0,8.0,0.0,550.0,0.02,60.0,30.0,845.0,Fe0.95111C0.0035Mn0.0054Cu0.0005Si0.0026P0.00019Ni0.0278Cr0.0089
297,75.0,0.0,30.0,0.0,415.0,30.0,24.0,1740.0,845.0,30.0,0.0,24.0,0.08,650.0,0.0,60.0,30.0,845.0,Fe0.98354C0.0048Mn0.0075Si0.0025P0.00024S0.00022Ni0.0002Cr0.001
298,97.0,0.0,30.0,0.0,464.0,30.0,24.0,1740.0,825.0,30.0,0.0,24.0,0.08,600.0,0.0,60.0,30.0,825.0,Fe0.98285C0.0057Mn0.0074Cu0.0002Si0.0023P0.00018S0.00017Cr0.0012
299,204.0,0.0,30.0,0.0,570.0,30.0,24.0,820.0,870.0,30.0,0.0,8.0,0.04,600.0,0.01,60.0,30.0,855.0,Fe0.97135C0.0042Mn0.0075Cu0.0012Si0.0028P0.00015Mo0.0017Ni0.0007Cr0.0104
300,34.0,0.0,30.0,0.0,389.0,30.0,24.0,1740.0,865.0,30.0,0.0,24.0,0.1,600.0,0.0,60.0,30.0,865.0,Fe0.98575C0.0037Mn0.0072Cu0.0002Si0.0024P0.00015S0.0002Ni0.0002Cr0.0002
301,144.0,0.01,30.0,0.0,562.0,30.0,24.0,530.0,870.0,30.0,0.0,8.0,0.01,550.0,0.0,60.0,30.0,855.0,Fe0.97211C0.0037Mn0.0082Cu0.0005Si0.0023P0.00012S0.00017Mo0.0016Ni0.0004Cr0.0109
302,19.0,0.0,30.0,0.0,418.0,30.0,24.0,1740.0,865.0,30.0,0.0,24.0,0.06,550.0,0.0,60.0,30.0,865.0,Fe0.98586C0.0032Mn0.0073Cu0.0003Si0.0026P0.00015S0.00019Ni0.0002Cr0.0002
303,189.0,0.0,30.0,0.0,634.0,30.0,24.0,820.0,870.0,30.0,0.0,8.0,0.04,550.0,0.01,60.0,30.0,855.0,Fe0.97135C0.0042Mn0.0075Cu0.0012Si0.0028P0.00015Mo0.0017Ni0.0007Cr0.0104
304,411.0,0.0,60.0,34.8,924.0,0.0,0.5,390.0,930.0,895.5169999999998,450.0,0.0,0.046,200.0,0.0,120.0,930.0,30.0,Fe0.97338C0.002Mn0.0077Cu0.002Si0.0032P0.00024S0.00028Mo0.0019Ni0.0046Cr0.0047
305,104.0,0.01,30.0,0.0,418.0,30.0,24.0,1270.0,825.0,30.0,0.0,24.0,0.08,650.0,0.0,60.0,30.0,825.0,Fe0.98257C0.0054Mn0.0076Si0.0026P0.00022S0.00021Ni0.0002Cr0.0012
306,179.0,0.0,30.0,0.0,476.0,30.0,24.0,500.0,870.0,30.0,0.0,8.0,0.08,650.0,0.0,60.0,30.0,855.0,Fe0.97188C0.0034Mn0.0071Cu0.0012Si0.0029P0.00019S0.00013Mo0.0016Ni0.0011Cr0.0105
307,176.0,0.0,30.0,0.0,511.0,30.0,24.0,820.0,870.0,30.0,0.0,8.0,0.1,650.0,0.0,60.0,30.0,855.0,Fe0.97476C0.0035Mn0.007Cu0.0002Si0.0025P0.00026S0.00018Mo0.0016Cr0.01
308,254.0,0.0,30.0,0.0,445.0,30.0,24.0,820.0,870.0,30.0,0.0,8.0,0.02,550.0,0.01,60.0,30.0,845.0,Fe0.9772C0.0041Mn0.0148Cu0.0006Si0.0022Ni0.0003Cr0.0008
309,234.0,0.0,30.0,0.0,470.0,30.0,24.0,1740.0,870.0,30.0,0.0,8.0,0.06,600.0,0.01,60.0,30.0,845.0,Fe0.97808C0.004Mn0.0134Cu0.0002Si0.0025P0.00017S0.00015Ni0.0002Cr0.0013
310,70.0,0.0,30.0,0.0,413.0,30.0,24.0,1740.0,845.0,30.0,0.0,24.0,0.07,650.0,0.0,60.0,30.0,845.0,Fe0.98306C0.0045Mn0.0079Cu0.0002Si0.0025P0.00018S0.00016Ni0.0002Cr0.0013
311,51.0,0.03,30.0,0.0,446.0,30.0,24.0,825.0,845.0,30.0,0.0,24.0,0.1,550.0,0.01,60.0,30.0,845.0,Fe0.98388C0.0044Mn0.0082Cu0.0002Si0.0024P0.00021S0.00021Ni0.0003Cr0.0002
312,229.0,0.01,30.0,0.0,425.0,30.0,24.0,610.0,870.0,30.0,0.0,8.0,0.02,550.0,0.02,60.0,30.0,845.0,Fe0.9748C0.0041Mn0.0151Cu0.0008Si0.0024P0.0002Ni0.0004Cr0.0022
313,167.0,0.0,30.0,0.0,491.0,30.0,24.0,1250.0,870.0,30.0,0.0,8.0,0.0,650.0,0.02,60.0,30.0,855.0,Fe0.97419C0.0035Mn0.007Si0.003P0.00019S0.00012Mo0.0015Ni0.0002Cr0.0103
314,139.0,0.0,30.0,0.0,571.0,30.0,24.0,1250.0,870.0,30.0,0.0,8.0,0.0,550.0,0.02,60.0,30.0,855.0,Fe0.97419C0.0035Mn0.007Si0.003P0.00019S0.00012Mo0.0015Ni0.0002Cr0.0103
315,242.0,0.0,30.0,0.0,396.0,30.0,24.0,530.0,870.0,30.0,0.0,8.0,0.02,650.0,0.01,60.0,30.0,845.0,Fe0.9759C0.004Mn0.0156Cu0.0005Si0.0022P0.00011S0.00019Ni0.0006Cr0.0009
316,310.0,0.0,30.0,0.0,471.0,30.0,24.0,820.0,900.0,30.0,0.0,8.0,0.01,650.0,0.01,60.0,30.0,845.0,Fe0.95302C0.003Mn0.0053Cu0.0007Si0.0027P0.00018Ni0.027Cr0.0081
317,38.0,0.0,30.0,0.0,325.0,30.0,24.0,1740.0,865.0,30.0,0.0,24.0,0.08,650.0,0.0,60.0,30.0,865.0,Fe0.98613C0.0034Mn0.0074Si0.0026P0.00012S0.00015Cr0.0002
318,135.0,0.0,30.0,0.0,490.0,30.0,24.0,1120.0,870.0,30.0,0.0,8.0,0.01,650.0,0.01,60.0,30.0,855.0,Fe0.97276C0.0042Mn0.0081Cu0.0004Si0.0032P0.00014Ni0.0003Cr0.0109
319,267.0,0.0,30.0,0.0,502.0,30.0,24.0,1100.0,870.0,30.0,0.0,8.0,0.03,600.0,0.0,60.0,30.0,845.0,Fe0.97276C0.0046Mn0.0149Cu0.001Si0.003P0.00014Ni0.001Cr0.0026
320,247.0,0.0,30.0,0.0,536.0,30.0,24.0,1100.0,870.0,30.0,0.0,8.0,0.03,550.0,0.0,60.0,30.0,845.0,Fe0.97393C0.0043Mn0.0138Cu0.001Si0.0034P0.00017Ni0.0008Cr0.0026
321,371.0,0.0,30.0,0.0,479.0,30.0,24.0,820.0,870.0,30.0,0.0,8.0,0.06,680.0,0.01,60.0,30.0,845.0,Fe0.95865C0.0049Mn0.0069Cu0.0007Si0.0029P0.00014S0.00011Ni0.018Cr0.0077
322,63.0,0.04,30.0,0.0,401.0,30.0,24.0,825.0,845.0,30.0,0.0,24.0,0.11,600.0,0.0,60.0,30.0,845.0,Fe0.98488C0.0042Mn0.0078Cu0.0003Si0.0022P0.00022S0.0002Cr0.0002
323,393.0,0.0,60.0,15.0,1056.0,0.0,0.5,440.0,930.0,850.0,469.8,0.0,0.008,160.0,0.0,120.0,930.0,30.0,Fe0.96359C0.0021Mn0.0062Cu0.0007Si0.0029P0.00015S0.00016Mo0.0021Ni0.0162Cr0.0059
324,49.0,0.01,30.0,0.0,448.0,30.0,24.0,1270.0,845.0,30.0,0.0,24.0,0.12,550.0,0.0,60.0,30.0,845.0,Fe0.98354C0.0045Mn0.0076Cu0.0002Si0.0026P0.00027S0.00019Cr0.0011
325,362.0,0.0,30.0,0.0,550.0,30.0,24.0,820.0,870.0,30.0,0.0,8.0,0.02,630.0,0.02,60.0,30.0,845.0,Fe0.9595C0.0044Mn0.0074Cu0.0009Si0.0025Ni0.0174Cr0.0079
326,122.0,0.0,30.0,0.0,522.0,30.0,24.0,1740.0,870.0,30.0,0.0,8.0,0.03,600.0,0.0,60.0,30.0,855.0,Fe0.97385C0.0043Mn0.0074Cu0.0002Si0.0024P0.00022S0.00013Ni0.0003Cr0.0112
327,284.0,0.0,30.0,0.0,570.0,30.0,24.0,420.0,900.0,30.0,0.0,8.0,0.0,550.0,0.02,60.0,30.0,845.0,Fe0.95392C0.0032Mn0.0054Cu0.0005Si0.0029P0.00018Ni0.0264Cr0.0075
328,128.0,0.0,30.0,0.0,524.0,30.0,24.0,820.0,870.0,30.0,0.0,8.0,0.03,600.0,0.02,60.0,30.0,855.0,Fe0.9751C0.0042Mn0.0078Cu0.0005Si0.0026Ni0.0004Cr0.0094
329,60.0,0.01,30.0,0.0,415.0,30.0,24.0,1270.0,845.0,30.0,0.0,24.0,0.12,600.0,0.0,60.0,30.0,845.0,Fe0.98354C0.0045Mn0.0076Cu0.0002Si0.0026P0.00027S0.00019Cr0.0011
330,35.0,0.05,30.0,0.0,358.0,30.0,24.0,610.0,865.0,30.0,0.0,24.0,0.06,600.0,0.03,60.0,30.0,865.0,Fe0.98583C0.0032Mn0.0063Cu0.0008Si0.0021S0.00017Ni0.0006Cr0.001
331,113.0,0.0,30.0,0.0,415.0,30.0,24.0,610.0,825.0,30.0,0.0,24.0,0.08,650.0,0.04,60.0,30.0,825.0,Fe0.98073C0.0054Mn0.007Cu0.0022Si0.0027P0.00017S0.0002Ni0.0006Cr0.001
332,84.0,0.0,30.0,0.0,500.0,30.0,24.0,660.0,825.0,30.0,0.0,24.0,0.06,550.0,0.0,60.0,30.0,825.0,Fe0.98485C0.0056Mn0.0037Cu0.0011Si0.0026P0.00019S0.00026Ni0.0004Cr0.0013
333,343.0,0.0,30.0,0.0,476.0,30.0,24.0,590.0,870.0,30.0,0.0,8.0,0.07,680.0,0.01,60.0,30.0,845.0,Fe0.96019C0.004Mn0.007Cu0.0008Si0.0025P0.00021S0.0002Mo0.0017Ni0.0163Cr0.0071
334,111.0,0.0,30.0,0.0,412.0,30.0,24.0,610.0,825.0,30.0,0.0,24.0,0.06,650.0,0.04,60.0,30.0,825.0,Fe0.98327C0.0056Mn0.0068Cu0.0003Si0.0025S0.00023Ni0.0003Cr0.001
335,172.0,0.01,30.0,0.0,477.0,30.0,24.0,530.0,870.0,30.0,0.0,8.0,0.01,650.0,0.0,60.0,30.0,855.0,Fe0.97211C0.0037Mn0.0082Cu0.0005Si0.0023P0.00012S0.00017Mo0.0016Ni0.0004Cr0.0109
336,77.0,0.0,30.0,0.0,388.0,30.0,24.0,1740.0,845.0,30.0,0.0,24.0,0.06,650.0,0.0,60.0,30.0,845.0,Fe0.98367C0.0043Mn0.0083Si0.0022P0.00017S0.00016Cr0.0012
337,249.0,0.0,30.0,0.0,495.0,30.0,24.0,480.0,870.0,30.0,0.0,8.0,0.02,550.0,0.0,60.0,30.0,845.0,Fe0.97424C0.0042Mn0.0158Cu0.0007Si0.0024P0.00014S0.00022Ni0.0006Cr0.0017
338,399.0,0.0,60.0,15.0,1037.0,0.0,0.5,440.0,930.0,850.0,469.8,0.0,0.008,200.0,0.0,120.0,930.0,30.0,Fe0.96359C0.0021Mn0.0062Cu0.0007Si0.0029P0.00015S0.00016Mo0.0021Ni0.0162Cr0.0059
339,335.0,0.0,30.0,0.0,563.0,30.0,24.0,640.0,870.0,30.0,0.0,8.0,0.03,630.0,0.0,60.0,30.0,845.0,Fe0.95722C0.0039Mn0.0071Cu0.0009Si0.0025P0.00015S0.00013Mo0.0023Ni0.0176Cr0.0082
340,173.0,0.0,30.0,0.0,469.0,30.0,24.0,1120.0,870.0,30.0,0.0,8.0,0.03,650.0,0.01,60.0,30.0,855.0,Fe0.97123C0.0035Mn0.008Cu0.0018Si0.0025P0.0002S0.00017Mo0.0019Ni0.0008Cr0.0099
341,1.0,0.02,30.0,0.0,232.0,0.0,0.0,825.0,885.0,30.0,0.0,0.0,0.07,30.0,0.04,0.0,30.0,30.0,Fe0.99031C0.0026Mn0.0044Si0.0021P0.00017S0.00022Cr0.0002
342,389.0,0.0,30.0,0.0,688.0,30.0,24.0,622.0,845.0,30.0,0.0,8.0,0.05,500.0,0.058,60.0,30.0,845.0,Fe0.96165C0.0053Mn0.0067Cu0.0026Si0.015P0.00014S0.00011Mo0.0005Ni0.0013Cr0.0067
343,96.0,0.0,30.0,0.0,445.0,30.0,24.0,825.0,825.0,30.0,0.0,24.0,0.1,600.0,0.0,60.0,30.0,825.0,Fe0.98478C0.0054Mn0.0075Si0.002P0.00013S0.00019
344,62.0,0.03,30.0,0.0,415.0,30.0,24.0,825.0,845.0,30.0,0.0,24.0,0.1,600.0,0.01,60.0,30.0,845.0,Fe0.98388C0.0044Mn0.0082Cu0.0002Si0.0024P0.00021S0.00021Ni0.0003Cr0.0002
345,131.0,0.0,30.0,0.0,457.0,30.0,24.0,820.0,870.0,30.0,0.0,8.0,0.01,650.0,0.01,60.0,30.0,855.0,Fe0.9758C0.0042Mn0.0071Cu0.0004Si0.0027Ni0.0002Cr0.0096
346,308.0,0.0,30.0,0.0,502.0,30.0,24.0,420.0,900.0,30.0,0.0,8.0,0.02,650.0,0.02,60.0,30.0,845.0,Fe0.95311C0.0028Mn0.0053Cu0.0005Si0.0027P0.00019Ni0.0267Cr0.0087
347,15.0,0.0,30.0,0.0,394.0,30.0,24.0,610.0,865.0,30.0,0.0,24.0,0.07,550.0,0.03,60.0,30.0,865.0,Fe0.98367C0.0036Mn0.007Cu0.0009Si0.0026S0.00023Ni0.0008Cr0.0012
348,418.0,0.0,60.0,70.2,1057.0,0.0,0.5,690.0,930.0,895.812,499.8,0.0,0.07,160.0,0.01,120.0,930.0,30.0,Fe0.97469C0.0023Mn0.008Cu0.0007Si0.002P0.00013S0.00018Mo0.0002Ni0.0004Cr0.0114
349,216.0,0.0,30.0,0.0,502.0,30.0,24.0,1120.0,870.0,30.0,0.0,8.0,0.02,650.0,0.01,60.0,30.0,855.0,Fe0.97011C0.0039Mn0.0077Cu0.0015Si0.0028P0.00021S0.00018Mo0.0019Ni0.0009Cr0.0108
350,237.0,0.0,30.0,0.0,406.0,30.0,24.0,480.0,870.0,30.0,0.0,8.0,0.02,600.0,0.0,60.0,30.0,845.0,Fe0.97508C0.0038Mn0.0159Cu0.0005Si0.0021P0.00017S0.00015Ni0.0003Cr0.002
351,41.0,0.01,30.0,0.0,361.0,30.0,24.0,610.0,865.0,30.0,0.0,24.0,0.06,650.0,0.01,60.0,30.0,865.0,Fe0.9834C0.0038Mn0.007Cu0.0011Si0.0029S0.0003Ni0.0006Cr0.0009
352,78.0,0.01,30.0,0.0,415.0,30.0,24.0,1270.0,845.0,30.0,0.0,24.0,0.13,650.0,0.0,60.0,30.0,845.0,Fe0.9829C0.0049Mn0.008Si0.0026P0.00027S0.00023Ni0.0002Cr0.0009
353,194.0,0.0,30.0,0.0,625.0,30.0,24.0,1740.0,870.0,30.0,0.0,8.0,0.04,550.0,0.0,60.0,30.0,855.0,Fe0.97221C0.0044Mn0.0075Cu0.0002Si0.0026P0.00017S0.00012Mo0.0021Ni0.0002Cr0.0105
354,269.0,0.0,30.0,0.0,424.0,30.0,24.0,480.0,870.0,30.0,0.0,8.0,0.02,600.0,0.0,60.0,30.0,845.0,Fe0.97538C0.0041Mn0.0158Cu0.0005Si0.0022P0.00014S0.00018Ni0.0004Cr0.0013
355,325.0,0.0,30.0,0.0,569.0,30.0,24.0,590.0,870.0,30.0,0.0,8.0,0.07,580.0,0.0,60.0,30.0,845.0,Fe0.9604C0.0043Mn0.0068Cu0.0009Si0.0026P0.00012S0.00018Mo0.0017Ni0.0162Cr0.0068
356,71.0,0.01,30.0,0.0,395.0,30.0,24.0,1270.0,845.0,30.0,0.0,24.0,0.12,650.0,0.0,60.0,30.0,845.0,Fe0.98354C0.0045Mn0.0076Cu0.0002Si0.0026P0.00027S0.00019Cr0.0011
357,207.0,0.0,30.0,0.0,563.0,30.0,24.0,820.0,870.0,30.0,0.0,8.0,0.02,600.0,0.02,60.0,30.0,855.0,Fe0.9741C0.004Mn0.007Cu0.0012Si0.0022Mo0.0017Ni0.0004Cr0.0094
358,186.0,0.0,30.0,0.0,638.0,30.0,24.0,1120.0,870.0,30.0,0.0,8.0,0.02,550.0,0.01,60.0,30.0,855.0,Fe0.97011C0.0039Mn0.0077Cu0.0015Si0.0028P0.00021S0.00018Mo0.0019Ni0.0009Cr0.0108
359,127.0,0.0,30.0,0.0,518.0,30.0,24.0,1120.0,870.0,30.0,0.0,8.0,0.01,600.0,0.01,60.0,30.0,855.0,Fe0.97276C0.0042Mn0.0081Cu0.0004Si0.0032P0.00014Ni0.0003Cr0.0109
360,45.0,0.04,30.0,0.0,341.0,30.0,24.0,825.0,865.0,30.0,0.0,24.0,0.07,650.0,0.0,60.0,30.0,865.0,Fe0.98511C0.0035Mn0.0082Si0.0025P0.00016S0.00023Ni0.0003
361,184.0,0.0,30.0,0.0,635.0,30.0,24.0,510.0,870.0,30.0,0.0,8.0,0.04,550.0,0.01,60.0,30.0,855.0,Fe0.97181C0.0041Mn0.008Cu0.001Si0.0024P0.00015S0.00024Mo0.0018Ni0.0003Cr0.0102
362,375.0,0.0,30.0,0.0,740.0,30.0,24.0,721.0,845.0,30.0,0.0,8.0,0.017,500.0,0.021,60.0,30.0,845.0,Fe0.96251C0.006Mn0.0085Cu0.0012Si0.0196P0.00019Ni0.0005Cr0.0015
363,156.0,0.0,30.0,0.0,490.0,30.0,24.0,500.0,870.0,30.0,0.0,8.0,0.08,600.0,0.01,60.0,30.0,855.0,Fe0.9726C0.0034Mn0.0072Cu0.001Si0.0025P0.00019S0.00011Mo0.0017Ni0.0012Cr0.0101
364,306.0,0.0,30.0,0.0,471.0,30.0,24.0,700.0,900.0,30.0,0.0,8.0,0.01,650.0,0.01,60.0,30.0,845.0,Fe0.95438C0.0031Mn0.0056Cu0.001Si0.0022P0.00016S0.00016Ni0.0263Cr0.0071
365,272.0,0.0,30.0,0.0,404.0,30.0,24.0,480.0,870.0,30.0,0.0,8.0,0.02,650.0,0.0,60.0,30.0,845.0,Fe0.97521C0.0042Mn0.016Cu0.0007Si0.0021P0.00014S0.00015Ni0.0003Cr0.0012
366,291.0,0.0,30.0,0.0,570.0,30.0,24.0,1740.0,900.0,30.0,0.0,8.0,0.03,550.0,0.0,60.0,30.0,845.0,Fe0.95347C0.0032Mn0.0052Cu0.0006Si0.003P0.00013Ni0.0267Cr0.0077
367,85.0,0.0,30.0,0.0,495.0,30.0,24.0,825.0,825.0,30.0,0.0,24.0,0.1,550.0,0.0,60.0,30.0,825.0,Fe0.98478C0.0054Mn0.0075Si0.002P0.00013S0.00019
368,199.0,0.0,30.0,0.0,590.0,30.0,24.0,510.0,870.0,30.0,0.0,8.0,0.04,600.0,0.01,60.0,30.0,855.0,Fe0.97181C0.0041Mn0.008Cu0.001Si0.0024P0.00015S0.00024Mo0.0018Ni0.0003Cr0.0102
369,256.0,0.0,30.0,0.0,510.0,30.0,24.0,1740.0,870.0,30.0,0.0,8.0,0.07,550.0,0.0,60.0,30.0,845.0,Fe0.97591C0.0043Mn0.0146Cu0.0002Si0.0026P0.00012S0.00017Ni0.0002Cr0.0019
370,370.0,0.0,30.0,0.0,491.0,30.0,24.0,640.0,870.0,30.0,0.0,8.0,0.03,680.0,0.0,60.0,30.0,845.0,Fe0.96104C0.0048Mn0.007Cu0.0011Si0.002S0.00016Ni0.0166Cr0.0073
371,330.0,0.0,30.0,0.0,571.0,30.0,24.0,5530.0,870.0,30.0,0.0,8.0,0.08,630.0,0.01,60.0,30.0,845.0,Fe0.95797C0.0038Mn0.0071Cu0.0004Si0.0026P0.00016S0.00017Mo0.0023Ni0.018Cr0.0075
372,205.0,0.0,30.0,0.0,543.0,30.0,24.0,500.0,870.0,30.0,0.0,8.0,0.1,600.0,0.0,60.0,30.0,855.0,Fe0.97099C0.004Mn0.0074Cu0.0015Si0.0026P0.00024S0.00017Mo0.0017Ni0.0013Cr0.0101
373,10.0,0.03,30.0,0.0,239.0,0.0,0.0,1270.0,885.0,30.0,0.0,0.0,0.04,30.0,0.0,0.0,30.0,30.0,Fe0.98966C0.0022Mn0.0047Si0.0026P0.00021S0.00023Ni0.0002Cr0.0002
374,59.0,0.0,30.0,0.0,459.0,30.0,24.0,1740.0,845.0,30.0,0.0,24.0,0.07,600.0,0.0,60.0,30.0,845.0,Fe0.98306C0.0045Mn0.0079Cu0.0002Si0.0025P0.00018S0.00016Ni0.0002Cr0.0013
375,232.0,0.0,30.0,0.0,435.0,30.0,24.0,480.0,870.0,30.0,0.0,8.0,0.01,600.0,0.01,60.0,30.0,845.0,Fe0.97545C0.0039Mn0.0157Cu0.0006Si0.0022P0.00017S0.00018Ni0.0005Cr0.0013
376,268.0,0.0,30.0,0.0,490.0,30.0,24.0,1740.0,870.0,30.0,0.0,8.0,0.07,600.0,0.0,60.0,30.0,845.0,Fe0.97591C0.0043Mn0.0146Cu0.0002Si0.0026P0.00012S0.00017Ni0.0002Cr0.0019
377,271.0,0.0,30.0,0.0,448.0,30.0,24.0,1100.0,870.0,30.0,0.0,8.0,0.03,650.0,0.0,60.0,30.0,845.0,Fe0.97393C0.0043Mn0.0138Cu0.001Si0.0034P0.00017Ni0.0008Cr0.0026
378,219.0,0.0,30.0,0.0,502.0,30.0,24.0,820.0,870.0,30.0,0.0,8.0,0.04,650.0,0.01,60.0,30.0,855.0,Fe0.97135C0.0042Mn0.0075Cu0.0012Si0.0028P0.00015Mo0.0017Ni0.0007Cr0.0104
379,401.0,0.0,60.0,15.0,1035.0,0.0,0.5,440.0,930.0,850.0,469.8,0.0,0.017,200.0,0.008,120.0,930.0,30.0,Fe0.96684C0.0017Mn0.0055Cu0.0005Si0.0028S0.00016Mo0.0016Ni0.0164Cr0.0045
380,155.0,0.0,30.0,0.0,508.0,30.0,24.0,530.0,870.0,30.0,0.0,8.0,0.02,600.0,0.0,60.0,30.0,855.0,Fe0.97284C0.0036Mn0.0081Cu0.0008Si0.0023P0.00014S0.00022Mo0.0016Ni0.0005Cr0.0099
381,191.0,0.01,30.0,0.0,603.0,30.0,24.0,700.0,870.0,30.0,0.0,8.0,0.07,550.0,0.0,60.0,30.0,855.0,Fe0.97034C0.004Mn0.0087Cu0.0011Si0.0025P0.00011S0.00015Mo0.0018Ni0.0007Cr0.0106
382,434.0,0.004,140.0,70.2,957.0,0.0,0.5,530.0,930.0,895.812,340.2,0.0,0.017,160.0,0.008,120.0,930.0,30.0,Fe0.97369C0.0018Mn0.0079Cu0.0008Si0.0025P0.00016S0.00015Mo0.0015Ni0.0007Cr0.0108
383,358.0,0.0,30.0,0.0,618.0,30.0,24.0,640.0,870.0,30.0,0.0,8.0,0.03,580.0,0.0,60.0,30.0,845.0,Fe0.96104C0.0048Mn0.007Cu0.0011Si0.002S0.00016Ni0.0166Cr0.0073
384,276.0,0.0,30.0,0.0,450.0,30.0,24.0,1100.0,870.0,30.0,0.0,8.0,0.04,650.0,0.0,60.0,30.0,845.0,Fe0.97415C0.0041Mn0.0136Cu0.001Si0.0034P0.0002S0.00015Ni0.0007Cr0.0027
385,337.0,0.0,30.0,0.0,583.0,30.0,24.0,420.0,870.0,30.0,0.0,8.0,0.03,630.0,0.0,60.0,30.0,845.0,Fe0.95444C0.0042Mn0.0078Cu0.0004Si0.003P0.00016Mo0.0024Ni0.019Cr0.0086
386,257.0,0.0,30.0,0.0,443.0,30.0,24.0,480.0,870.0,30.0,0.0,8.0,0.02,550.0,0.0,60.0,30.0,845.0,Fe0.97538C0.0041Mn0.0158Cu0.0005Si0.0022P0.00014S0.00018Ni0.0004Cr0.0013
387,349.0,0.0,30.0,0.0,490.0,30.0,24.0,640.0,870.0,30.0,0.0,8.0,0.03,680.0,0.0,60.0,30.0,845.0,Fe0.95722C0.0039Mn0.0071Cu0.0009Si0.0025P0.00015S0.00013Mo0.0023Ni0.0176Cr0.0082
388,82.0,0.01,30.0,0.0,534.0,30.0,24.0,1270.0,825.0,30.0,0.0,24.0,0.08,550.0,0.0,60.0,30.0,825.0,Fe0.98257C0.0054Mn0.0076Si0.0026P0.00022S0.00021Ni0.0002Cr0.0012
389,81.0,0.0,30.0,0.0,523.0,30.0,24.0,1740.0,825.0,30.0,0.0,24.0,0.07,550.0,0.0,60.0,30.0,825.0,Fe0.9834C0.0055Mn0.0076Si0.0023P0.00018S0.00012Cr0.0009
390,130.0,0.0,30.0,0.0,483.0,30.0,24.0,1740.0,870.0,30.0,0.0,8.0,0.03,650.0,0.0,60.0,30.0,855.0,Fe0.97385C0.0043Mn0.0074Cu0.0002Si0.0024P0.00022S0.00013Ni0.0003Cr0.0112
391,61.0,0.0,30.0,0.0,437.0,30.0,24.0,610.0,845.0,30.0,0.0,24.0,0.06,600.0,0.01,60.0,30.0,845.0,Fe0.9829C0.0045Mn0.0071Cu0.0013Si0.0024Ni0.0012Cr0.0006
392,201.0,0.0,30.0,0.0,557.0,30.0,24.0,1120.0,870.0,30.0,0.0,8.0,0.02,600.0,0.01,60.0,30.0,855.0,Fe0.97011C0.0039Mn0.0077Cu0.0015Si0.0028P0.00021S0.00018Mo0.0019Ni0.0009Cr0.0108
393,252.0,0.0,30.0,0.0,530.0,30.0,24.0,1100.0,870.0,30.0,0.0,8.0,0.04,550.0,0.0,60.0,30.0,845.0,Fe0.97415C0.0041Mn0.0136Cu0.001Si0.0034P0.0002S0.00015Ni0.0007Cr0.0027
394,312.0,0.0,30.0,0.0,591.0,30.0,24.0,640.0,870.0,30.0,0.0,8.0,0.01,580.0,0.0,60.0,30.0,845.0,Fe0.95998C0.0039Mn0.0077Cu0.0007Si0.0019S0.00012Mo0.0018Ni0.0167Cr0.0072
395,110.0,0.01,30.0,0.0,425.0,30.0,24.0,1270.0,825.0,30.0,0.0,24.0,0.1,650.0,0.0,60.0,30.0,825.0,Fe0.98144C0.0057Mn0.0082Si0.003P0.00024S0.00022Ni0.0002Cr0.001
396,198.0,0.0,30.0,0.0,550.0,30.0,24.0,610.0,870.0,30.0,0.0,8.0,0.05,600.0,0.01,60.0,30.0,855.0,Fe0.97222C0.004Mn0.0077Cu0.0013Si0.0026P0.00018Mo0.0017Ni0.0005Cr0.0098
397,57.0,0.0,30.0,0.0,486.0,30.0,24.0,610.0,845.0,30.0,0.0,24.0,0.09,550.0,0.04,60.0,30.0,845.0,Fe0.98164C0.0045Mn0.0079Cu0.0015Si0.0025P0.00011S0.00025Ni0.0012Cr0.0004
398,171.0,0.0,30.0,0.0,489.0,30.0,24.0,740.0,870.0,30.0,0.0,8.0,0.02,650.0,0.01,60.0,30.0,855.0,Fe0.97224C0.0036Mn0.0074Cu0.0012Si0.0035P0.00016S0.0002Mo0.0015Ni0.0005Cr0.0097
399,408.0,0.0,140.0,45.0,960.0,0.0,0.5,390.0,930.0,903.333,510.0,0.0,0.046,160.0,0.0,120.0,930.0,30.0,Fe0.97338C0.002Mn0.0077Cu0.002Si0.0032P0.00024S0.00028Mo0.0019Ni0.0046Cr0.0047
400,239.0,0.0,30.0,0.0,397.0,30.0,24.0,480.0,870.0,30.0,0.0,8.0,0.01,650.0,0.01,60.0,30.0,845.0,Fe0.97545C0.0039Mn0.0157Cu0.0006Si0.0022P0.00017S0.00018Ni0.0005Cr0.0013
401,100.0,0.0,30.0,0.0,461.0,30.0,24.0,610.0,825.0,30.0,0.0,24.0,0.06,600.0,0.04,60.0,30.0,825.0,Fe0.98327C0.0056Mn0.0068Cu0.0003Si0.0025S0.00023Ni0.0003Cr0.001
402,277.0,0.0,30.0,0.0,410.0,30.0,24.0,1510.0,870.0,30.0,0.0,8.0,0.0,650.0,0.02,60.0,30.0,845.0,Fe0.97777C0.004Mn0.0147Si0.0025P0.00027S0.00016Ni0.0002Cr0.0004
403,354.0,0.0,30.0,0.0,600.0,30.0,24.0,740.0,870.0,30.0,0.0,8.0,0.03,580.0,0.01,60.0,30.0,845.0,Fe0.95909C0.0047Mn0.0072Cu0.0006Si0.0028P0.00011Ni0.0176Cr0.0079
404,304.0,0.0,30.0,0.0,483.0,30.0,24.0,420.0,900.0,30.0,0.0,8.0,0.0,650.0,0.02,60.0,30.0,845.0,Fe0.95392C0.0032Mn0.0054Cu0.0005Si0.0029P0.00018Ni0.0264Cr0.0075
405,305.0,0.0,30.0,0.0,503.0,30.0,24.0,420.0,900.0,30.0,0.0,8.0,0.0,650.0,0.02,60.0,30.0,845.0,Fe0.95111C0.0035Mn0.0054Cu0.0005Si0.0026P0.00019Ni0.0278Cr0.0089
406,273.0,0.0,30.0,0.0,411.0,30.0,24.0,480.0,870.0,30.0,0.0,8.0,0.02,650.0,0.0,60.0,30.0,845.0,Fe0.97424C0.0042Mn0.0158Cu0.0007Si0.0024P0.00014S0.00022Ni0.0006Cr0.0017
407,287.0,0.0,30.0,0.0,569.0,30.0,24.0,820.0,900.0,30.0,0.0,8.0,0.01,550.0,0.01,60.0,30.0,845.0,Fe0.9534C0.0033Mn0.0049Cu0.0006Si0.003Ni0.0266Cr0.0082
408,136.0,0.0,30.0,0.0,485.0,30.0,24.0,820.0,870.0,30.0,0.0,8.0,0.03,650.0,0.02,60.0,30.0,855.0,Fe0.9751C0.0042Mn0.0078Cu0.0005Si0.0026Ni0.0004Cr0.0094
409,87.0,0.0,30.0,0.0,531.0,30.0,24.0,1270.0,825.0,30.0,0.0,24.0,0.09,550.0,0.0,60.0,30.0,825.0,Fe0.98155C0.0053Mn0.0083Si0.003P0.00019S0.00026Ni0.0002Cr0.0012
410,68.0,0.0,30.0,0.0,452.0,30.0,24.0,610.0,845.0,30.0,0.0,24.0,0.09,600.0,0.04,60.0,30.0,845.0,Fe0.98164C0.0045Mn0.0079Cu0.0015Si0.0025P0.00011S0.00025Ni0.0012Cr0.0004
411,316.0,0.0,30.0,0.0,604.0,30.0,24.0,5530.0,870.0,30.0,0.0,8.0,0.08,580.0,0.01,60.0,30.0,845.0,Fe0.95797C0.0038Mn0.0071Cu0.0004Si0.0026P0.00016S0.00017Mo0.0023Ni0.018Cr0.0075
412,246.0,0.0,30.0,0.0,505.0,30.0,24.0,820.0,870.0,30.0,0.0,8.0,0.03,550.0,0.0,60.0,30.0,845.0,Fe0.9761C0.0042Mn0.015Cu0.0005Si0.0023Ni0.0004Cr0.0015
413,159.0,0.0,30.0,0.0,530.0,30.0,24.0,1120.0,870.0,30.0,0.0,8.0,0.03,600.0,0.01,60.0,30.0,855.0,Fe0.97123C0.0035Mn0.008Cu0.0018Si0.0025P0.0002S0.00017Mo0.0019Ni0.0008Cr0.0099
414,300.0,0.0,30.0,0.0,503.0,30.0,24.0,820.0,900.0,30.0,0.0,8.0,0.01,600.0,0.01,60.0,30.0,845.0,Fe0.95302C0.003Mn0.0053Cu0.0007Si0.0027P0.00018Ni0.027Cr0.0081
415,158.0,0.01,30.0,0.0,515.0,30.0,24.0,530.0,870.0,30.0,0.0,8.0,0.01,600.0,0.0,60.0,30.0,855.0,Fe0.97211C0.0037Mn0.0082Cu0.0005Si0.0023P0.00012S0.00017Mo0.0016Ni0.0004Cr0.0109
416,227.0,0.0,30.0,0.0,510.0,30.0,24.0,1740.0,870.0,30.0,0.0,8.0,0.06,550.0,0.01,60.0,30.0,845.0,Fe0.97808C0.004Mn0.0134Cu0.0002Si0.0025P0.00017S0.00015Ni0.0002Cr0.0013
417,245.0,0.0,30.0,0.0,398.0,30.0,24.0,1740.0,870.0,30.0,0.0,8.0,0.06,650.0,0.01,60.0,30.0,845.0,Fe0.97871C0.004Mn0.0138Cu0.0002Si0.0025P0.00017S0.00012Ni0.0002Cr0.0003
418,390.0,0.0,60.0,15.0,1034.0,0.0,0.5,440.0,930.0,850.0,139.8,0.0,0.008,160.0,0.0,120.0,930.0,30.0,Fe0.96359C0.0021Mn0.0062Cu0.0007Si0.0029P0.00015S0.00016Mo0.0021Ni0.0162Cr0.0059
419,315.0,0.0,30.0,0.0,584.0,30.0,24.0,590.0,870.0,30.0,0.0,8.0,0.07,580.0,0.01,60.0,30.0,845.0,Fe0.96019C0.004Mn0.007Cu0.0008Si0.0025P0.00021S0.0002Mo0.0017Ni0.0163Cr0.0071
420,5.0,0.02,30.0,0.0,225.0,0.0,0.0,825.0,885.0,30.0,0.0,0.0,0.04,30.0,0.0,0.0,30.0,30.0,Fe0.99082C0.0022Mn0.0042Cu0.0002Si0.0019P0.00026S0.00022Cr0.0002
421,241.0,0.0,30.0,0.0,425.0,30.0,24.0,1740.0,870.0,30.0,0.0,8.0,0.06,650.0,0.01,60.0,30.0,845.0,Fe0.97808C0.004Mn0.0134Cu0.0002Si0.0025P0.00017S0.00015Ni0.0002Cr0.0013
422,93.0,0.01,30.0,0.0,459.0,30.0,24.0,1270.0,825.0,30.0,0.0,24.0,0.08,600.0,0.0,60.0,30.0,825.0,Fe0.98257C0.0054Mn0.0076Si0.0026P0.00022S0.00021Ni0.0002Cr0.0012
423,351.0,0.0,30.0,0.0,498.0,30.0,24.0,420.0,870.0,30.0,0.0,8.0,0.03,680.0,0.0,60.0,30.0,845.0,Fe0.95444C0.0042Mn0.0078Cu0.0004Si0.003P0.00016Mo0.0024Ni0.019Cr0.0086
424,134.0,0.01,30.0,0.0,459.0,30.0,24.0,820.0,870.0,30.0,0.0,8.0,0.01,650.0,0.01,60.0,30.0,855.0,Fe0.97469C0.0039Mn0.0073Cu0.0011Si0.0025P0.00011Ni0.0006Cr0.0098
425,422.0,0.004,140.0,70.2,838.0,0.0,0.5,390.0,930.0,895.812,529.8,0.0,0.025,160.0,0.0,120.0,930.0,30.0,Fe0.97452C0.0019Mn0.0077Cu0.0016Si0.0021P0.00017S0.00011Mo0.0005Ni0.0012Cr0.0102
426,248.0,0.0,30.0,0.0,484.0,30.0,24.0,480.0,870.0,30.0,0.0,8.0,0.02,550.0,0.0,60.0,30.0,845.0,Fe0.97521C0.0042Mn0.016Cu0.0007Si0.0021P0.00014S0.00015Ni0.0003Cr0.0012
427,263.0,0.0,30.0,0.0,451.0,30.0,24.0,740.0,870.0,30.0,0.0,8.0,0.02,600.0,0.01,60.0,30.0,845.0,Fe0.974C0.0045Mn0.0158Cu0.0008Si0.0033Ni0.0006Cr0.001
428,14.0,0.0,30.0,0.0,401.0,30.0,24.0,1740.0,865.0,30.0,0.0,24.0,0.08,550.0,0.0,60.0,30.0,865.0,Fe0.98613C0.0034Mn0.0074Si0.0026P0.00012S0.00015Cr0.0002
429,340.0,0.0,30.0,0.0,482.0,30.0,24.0,640.0,870.0,30.0,0.0,8.0,0.01,680.0,0.0,60.0,30.0,845.0,Fe0.95998C0.0039Mn0.0077Cu0.0007Si0.0019S0.00012Mo0.0018Ni0.0167Cr0.0072
430,52.0,0.04,30.0,0.0,437.0,30.0,24.0,825.0,845.0,30.0,0.0,24.0,0.11,550.0,0.0,60.0,30.0,845.0,Fe0.98488C0.0042Mn0.0078Cu0.0003Si0.0022P0.00022S0.0002Cr0.0002
431,23.0,0.05,30.0,0.0,379.0,30.0,24.0,610.0,865.0,30.0,0.0,24.0,0.06,550.0,0.03,60.0,30.0,865.0,Fe0.98583C0.0032Mn0.0063Cu0.0008Si0.0021S0.00017Ni0.0006Cr0.001
432,210.0,0.0,30.0,0.0,490.0,30.0,24.0,530.0,870.0,30.0,0.0,8.0,0.03,650.0,0.0,60.0,30.0,855.0,Fe0.97201C0.0041Mn0.0077Cu0.0005Si0.0024P0.00014S0.00015Mo0.002Ni0.0004Cr0.0106
433,64.0,0.0,30.0,0.0,463.0,30.0,24.0,1740.0,845.0,30.0,0.0,24.0,0.08,600.0,0.0,60.0,30.0,845.0,Fe0.98354C0.0048Mn0.0075Si0.0025P0.00024S0.00022Ni0.0002Cr0.001
434,148.0,0.0,30.0,0.0,592.0,30.0,24.0,820.0,870.0,30.0,0.0,8.0,0.1,550.0,0.0,60.0,30.0,855.0,Fe0.97476C0.0035Mn0.007Cu0.0002Si0.0025P0.00026S0.00018Mo0.0016Cr0.01
435,6.0,0.02,30.0,0.0,245.0,0.0,0.0,825.0,885.0,30.0,0.0,0.0,0.06,30.0,0.02,0.0,30.0,30.0,Fe0.98918C0.0026Mn0.0045Cu0.0003Si0.0022P0.00026S0.00026Ni0.0002Cr0.0005
436,141.0,0.0,30.0,0.0,526.0,30.0,24.0,530.0,870.0,30.0,0.0,8.0,0.02,550.0,0.0,60.0,30.0,855.0,Fe0.97284C0.0036Mn0.0081Cu0.0008Si0.0023P0.00014S0.00022Mo0.0016Ni0.0005Cr0.0099
